Record#,Sentence,Tagging,Female,Male,Unknown,Disregarded,
1,She was made redundant and then employed as a cook at Dyke Nook Childrenâ€TMs Home until her retirement in October 1996.,f,1,0,0,0,
2,"Reg. (Bur.), Bailllie''s Lett., Steven''s High School.] 1663 . john cook, A.M., took his degree at the Univ. of St. Andrews in 1648, pres. by James, Earl of Home,-------, ord. and coll. 21st July, and adm. 25th Aug. 1663.",d,0,0,0,1,
3,"While she was trying to fix on one, the cook took the cauldron of soup off the fire, and at once set to work throwing everything within her reach at the Duchess and the baby –the fire-irons came first; then followed a shower of saucepans, plates, and dishes.",f,1,0,0,0,
4,"Well, monks, that wise, experienced, skilful cook has perquisites of clothing, gratuities and offerings.",u,0,0,1,0,
5,"As for the cook book, I could do without it; yes, indeed.",d,0,0,0,1,
6,"When the meat is brown add the leek, cook for a further five minutes then gradually introduce the stock and ale and add the horseradish, stir regularly.",d,0,0,0,1,
7,"It was the first cook book I bought, and I still return to it time and time again.",d,0,0,0,1,
8,Safe food storage and handling 1 Thoroughly cook all raw foods. 2.,d,0,0,0,1,
9,"Food Hygiene ALWAYS wash your hands before starting the cooking wash salads and vegetables thoroughly ensure that tongs, skewers and forks are spotlessly clean ensure that the barbecue grill is thoroughly cleaned after use use separate utensils for raw and cooked food defrost frozen meat and poultry fully before cooking (ideally defrosting should be carried out in the fridge) keep raw and cooked food separate cover all food to protect it from insects and dust keep meat, salads and other perishable foods in the fridge until you are ready to use them - a cook box is suitable if a fridge is not available pre-cook poultry and then barbecue cook poultry, sausages, burgers and chopped or minced meats until the juices run clear General Barbecue Safety site the barbecue away from fences, trees, hedges and wooden sheds choose a sheltered, level spot NEVER use petrol or paraffin on barbecues.",d,0,0,0,1,
10,"Later the doctor''s cook, Behari, informed me of the doctor''s response: ""Abdul Haqq''s salary will not be increased because of baptism!",u,0,0,1,0,
11,Rani is a superb cook and served us some amazing food.,u,0,0,1,0,
12,"""Heat"" is the story of an amateur cook surviving - or, perhaps more accurately, trying to survive - in a professional kitchen.",u,0,0,1,0,
13,Suzan johnson cook spokeswoman for carnival it''s not enough.,d,0,0,0,1,
14,"It was completely quiet, the owner was an excellent cook, and there was the most adorable toddler who lived there, whose name was Dana.",u,0,0,1,0,
15,"Falmouth Negotiable Sep 16th 67 Cook AGE CONCERN ST JUST and PENDEEN Fore Street, St Just A vacancy has arisen for a part time cook for Monday and Thursday mornings.",u,0,0,1,0,
16,"Place all the sauce ingredients in a small pan and cook over a low heat, stirring constantly, until well blended. 2.",d,0,0,0,1,
17,"Each month we showcase a new recipe from our cook book, Green & Black''s chocolate recipes, for you to try.",d,0,0,0,1,
18,"Being unable to find words to express himself, the enthusiastic cook placed his hand on the region which was destined ere long to become a receptacle for the mapira, and rolled his eyes upwards in rapture.",m,0,1,0,0,
19,"Gently cook until the leeks have softened, add a pinch of salt, some freshly ground pepper and the harissa paste. 3.",d,0,0,0,1,
20,"Cut in two, roll out thin to fill a large dinner plate, take two or three handfuls of leeks, wash, cut up finely and lay over first layer of paste, put a few strips of fat bacon on top of the leeks, add pepper and salt to taste, add an eggcupful of cold water, add the other layer of paste and cook in a hot oven till done.",d,0,0,0,1,
21,There is an old saying that one shouldn''t trust a thin cook and this chap looks positively bulemic.,m,0,1,0,0,
22,"COOK, railway porter, of a daughter.",u,0,0,1,0,
23,The sudden onset of eczema of this distribution has been observed in a male cook who had regularly handled garlic with impunity for over 20 years (Rook 1974).,m,0,1,0,0,
24,"No please, Frank, if I am cook, you must be scullery-maid.",u,0,0,1,0,
25,"Production cook in Worksop, school business manager in Retford and a senior midday supervisor/school meals administration or a senior science technician and many others around the Nottinghamshire area.",u,0,0,1,0,
26,Add the bread cubes and cook until golden brown.,d,0,0,0,1,
27,"Indeed, James 1 is said to have employed a French cook, and during the reign of Mary Queen of Scots, so much money was spent on foreign sweetmeats that Parliament passed a law forbidding all but the wealthy to have anything on their table that was not made in Scotland.",u,0,0,1,0,
28,"Robert McBay worked as a baker and pastry cook, skilled at making both daily bread and special occasion pies.",m,0,1,0,0,
29,Cut the potatoes and parsnips into 1cm chunks and cook in boiling water for five minutes.,d,0,0,0,1,
30,"Bring to a gentle boil, cook until the liquid turns a golden caramel colour, then pour it into the tart tin. 3.",d,0,0,0,1,
31,"I heard more men coming, my cook was lying quiet on the other side of the counter, stunned or scared speechless, and I had to make another dash for it, like a rabbit hunted out of a wood-pile.",u,0,0,1,0,
32,"Yorkshire and Humber Regional Co-ordinator: Rosemary Denison DOH Public Health, Government Office for Yorkshire and the Humber, PO BOX 213, 5th Floor East, City House, New Station Street, Leeds, LS1 4US Telephone: 0113 2836607 E-mail: Rosemary.denison@dh.gsi.gov.uk Barnsley 5 A DAY project- Just Eat More (fruit & veg) The grant over two years will fund activities to increase fruit and vegetable consumption through cook and eat sessions for young mothers, male manual workers and low income groups, supermarket tours, ten food growing schemes run by community groups, and a subsidised juice bar in one senior school.",d,0,0,0,1,
33,Place the mushrooms on an oiled baking tray and cook in the oven for about 15 minutes or until the Cheddar has melted and the mushrooms are cooked and juicy.,d,0,0,0,1,
34,Add the chopped onion and cook until soft and transparent. 3.,d,0,0,0,1,
35,If the crop is potatoes it may well be worth lifting them early (although most books recommend October) the loss of weight of crop balanced against loss due to slug damage (and distress to the unlucky cook who cuts in half a potato with a slug in it.,u,0,0,1,0,
36,"Heat the griddle pan or barbecue until very hot, quickly score the quail on both sides, cook for about 5 minutes and then leave to rest. 3.",d,0,0,0,1,
37,"The lodge is fully equipped, linen and towels are provided and each weekly let includes the services of a cook and housekeeper, although the food is the responsibility of the tenants.",u,0,0,1,0,
38,"We were now working three hour watches and changing over cook at tea time with a glorious washing-up session; the new cook washed up that he started with everything clean, and did not stint his own cooking for fear of having to clean it all up.",m,0,1,0,0,
39,The vegetable boxes should suit everyone from the adventurous cook to those concerned with feeding their families a diverse and healthy diet.,u,0,0,1,0,
40,"Place on foil and lay bacon across the breast in overlapping strips - Seal completely in a loose-fitting ''parcel'' of foil with space to ensure air can circulate - Place on a low shelf and cook for 40 minutes, then reduce the temperature to 1700C, gas mark 3, and cook for a further 3 hours - Pull back the foil and remove the bacon, put on an oven-proof plate and return to the oven to crisp - Continue cooking for a further 40 minutes, basting with its juices every 5 minutes - Pierce the thickest part of the leg to check if cooked.",d,0,0,0,1,
41,"Once recovered and reasonably acclimatised we headed for the Quebrada Quilcayhuanca accompanied by a cook we''d met during the past week and a young lad claiming to be an arriero, with six laden donkeys.",u,0,0,1,0,
42,"How to make a basic omelette Ingredients: 2 large Lion Quality eggs, Pinch of salt and pepper, 1 tablespoon of cold water, 25g (1 ounce) butter Method - Gently beat the eggs together with salt, pepper and a tablespoon of cold water. - Melt the butter in a medium frying pan over a high heat. - When the fat is bubbling pour the egg mixture into the centre of the pan and cook over a high heat for 1-2 minutes. - As the egg begins to set, use a spatula to push the set egg towards the omelette centre. - Continue this action until the entire egg mixture is set. - Cook the set omelette for another minute, then loosen the edges with a spatula. - Tilt the pan and slide the omelette onto a warm plate and serve immediately.",d,0,0,0,1,
43,"This beautifully presented site contains plenty of information of interest to the medical herbalist, grower, cook, historian or academic.",u,0,0,1,0,
44,"Place the salmon, flesh side down, on the heated griddle pan and cook for 6 minutes, then gently turn over the fillets and cook, skin side down, for a further 6 minutes, until just cooked through.",d,0,0,0,1,
45,It came Francis Ralph''s turn with myself to assist the cook.,u,0,0,1,0,
46,"The hospital consisted of a single storey, white building, employing just two doctors, ten nurses, known as ''sisters'' throughout Australia, four porters, and a cook.",u,0,0,1,0,
47,"And we are treated to installments in the lives of a naïve human cook who has come to Port Nowhere to learn about alien cuisines, we follow the dealings of a space suit dealer and encounter several more folks along the way.",u,0,0,1,0,
48,"We wait, with a kind of sighing impatience, for war to be declared, or to blow finally off, living in the meanwhile in a kind of children''s hour of firelight and shadow and preposterous tales; the king seen at night galloping up our road upon unknown errands and covering his face as he passes our cook; Mataafa daily surrounded (when he awakes) with fresh ''white man''s boxes'' (query, ammunition?) and professing to be quite ignorant of where they come from; marches of bodies of men across the island; concealment of ditto in the bush; the coming on and off of different chiefs; and such a mass of ravelment and rag-tag as the devil himself could not unwind.",u,0,0,1,0,
49,""" The Golden Cross, Worcestershire steve beasley - 20 Mar 2005 - ""Excellent!!!!! good service, good crowd, just wish it stayed open later"" The Fountain Inn, West Midlands Emma hobday - 11 Feb 2005 - ""The chef is an excellent cook with a surporting and loving family"" Six Ashes, Shropshire Sian Greenaway - 28 Jan 2005 - ""Excellent Pub I recomend it to every one loverly owners know them myself Hello i dont know if you remember me!",u,0,0,1,0,
50,Add the landcress and cook for a further 5 minutes.,d,0,0,0,1,
51,"Bring to the boil and cook, stirring until thickened. 3.",d,0,0,0,1,
52,"Blackberry Jelly Ingredients 1 1b. apples, 3 1b. blackberries, 1⁄2 pint water, sugar (one cup for each cup of liquid) Method : Wash and cut apples roughly, wash berries, place fruit in a saucepan with water and cook till set, strain through butter muslin, allow one cup of sugar to each cup of liquid and boil quickly till it jells.",d,0,0,0,1,
53,Add tomatoes seasoning and sugar cook for 20 minutes.,d,0,0,0,1,
54,"Now my mom was always a gourmet cook so I had never seen anything like that in my life, still the site of that chills me to the bone just thinking about it.",f,1,0,0,0,
55,Place in a steamer and cook for for 20 minutes or until tender. 3.,d,0,0,0,1,
56,"Spoon a little mixture into each of the pastry cases and cook for about 10 minutes, until golden and set.",d,0,0,0,1,
57,"November 7 th 1832 A dreadful accident occurred at Mr Orbell''s water mill at Brundon near Sudbury, as the cook was stooping to fill a pitcher of water she lost her balance and fell between the water and the grate, one horrible shriek from the poor girl followed by immediate stopping of the mill alarmed the household who rushed out and found her mutilated body crushed to pieces by the ponderous wheel.",f,1,0,0,0,
58,"Grillpro Deluxe Digital Thermofork The Thermofork is the ""must have"" for the novice and expert barbecue cook - this handy little gadget will light up when your meat is rare, medium or well done.",u,0,0,1,0,
59,"Add remaining flour to the fat in the pan and cook for 1 minute, stir in puree, herbs, stock and tomato juice.",d,0,0,0,1,
60,'' CHORUS (In which the cook and the baby joined):– ''Wow! wow! wow!,u,0,0,1,0,
61,"Place the casserole dish in the centre of an oven and cook at for 11⁄2 hours, stiring occassionally.",d,0,0,0,1,
62,Gradually add the stock stirring all the time and cook until thickened. 5.,d,0,0,0,1,
63,"Gently toss the beef cubes in the flour and cook in the oil, a few at a time, until browned on all sides.",d,0,0,0,1,
64,Additional Services at extra cost Kim is an excellent cook and will by your request prepare a homemade meal for you on your arrival and will prepare meals throughout your stay at a very reasonable cost.,f,1,0,0,0,
65,"Meanwhile, boil plenty of water with a pinch of sea salt, add pappardelle and cook as instructed. 5.",d,0,0,0,1,
66,O''cook tofu.,d,0,0,0,1,
67,"These two houses evidently represented 13, and from a subsequent reference it is clear that the tenement on the N. side and over the doorway (13B) was occupied by James Ellis, cook.",m,0,1,0,0,
68,"Plate 43 In the cook house, breadfruit being roasted on hot rocks.",d,0,0,0,1,
69,The owner is a true gent and a great cook.,m,0,1,0,0,
70,"To fry, heat 1 tbsp olive oil in a pan, add the chopped shallot and cook for 5-10 minutes, stirring occasionally until tender.",d,0,0,0,1,
71,"He sees an African warrior driven from his tribe by jealous plots, and ending his life as a cook on a Zimbabwean farm, where he forms an ambivalent friendship with the Rhodesian farmer.",m,0,1,0,0,
72,"Trinny Woodall and Skye Gyngell Sir Cameron Mackintosh and his brother Peter Stringfellow and Roger Leadbitter Life as a rich man''s cook He has cooked for De Niro and Beyonc?but it was his ''ghetto oxtails'' that endeared Londoner Sean Shepherd to current boss, hip hop entrepreneur Damon Dash.",m,0,1,0,0,
73,I always got up at 5.30.a.m. just in case the cook group couldn''t get the fire going.,u,0,0,1,0,
74,"The perimeter of the kitchen is fenced off to prevent any unauthorized person from entering: Martha the cook has been renamed during the occupation and now is called Thatcher - for the steely nature in which she organizes the troops, and prepares the food.",f,1,0,0,0,
75,"River Cottage Cookbook by:Hugh Fearnley-Whittingstall, Simon Wheeler (Photographer) This is not just a cook book, it''s a tour through River Cottage, smallholding, self sufficiency and respect for the food you eat.",d,0,0,0,1,
76,He usually - another prize for who can tell what the cook does do with the soup.,u,0,0,1,0,
77,"Oliver collected 5:30: I ""cook"" for DE: cheese toasties and mozarella.",u,0,0,1,0,
78,"You''re a better cook that I knew, brother!",m,0,1,0,0,
79,"In spite of his impressive cooking references, Mike''s term as ship''s cook was short lived.",m,0,1,0,0,
80,First I gaed to sair the frempt: Lamachree and Megrum Is was through Auchtidour I skeempt: Owld Grey Megrum The owld good wife still smokes in the nook: Lamachree and Megrum And ordering at the throwder cook: Owld Grey Megrum,u,0,0,1,0,
81,"In each year group, children will at some time cook, sew and work with resistant materials.",d,0,0,0,1,
82,"Place the potatoes in a medium saucepan of salted water, bring to the boil then reduce the heat and cook for approx 15 minutes or until tender. 2.",d,0,0,0,1,
83,"Skim off any scum, season with salt, then cook for 20-25 minutes, until done. 3.",d,0,0,0,1,
84,"It also puts Willard on a Navy patrol boat with a crew of four men who serve as a microcosm of the American fighting force: the boat''s African American Chief (Albert Hall), a former taxi driver trying to keep his ship afloat and his young, drug-crazed charges in line; Chef, a New Orleans gourmet cook who joined the Navy because he thought they''d have better food than the Army (Frederic Forrest); Clean, a black teenager from the Bronx (played by 14-year-old Laurence Fishburne); and Lance, a California surfer cast adrift by the war (Sam Bottoms).",m,0,1,0,0,
85,"Meanwhile, in another saucepan, heat the remaining butter, add 1 tablespoon of the flour and cook over a medium heat for 2-3 minutes. 5.",d,0,0,0,1,
86,"They are going to raise food and cook, and they are going to share that food with people in this town who need it, and they are going to learn civics by helping protect the creek and the forest and the lake and the people of this place.",d,0,0,0,1,
87,After drama school she was a debutante before working as a cook.,f,1,0,0,0,
88,"'' I gave half of it to the hotel keeper, so that his cook should cut it up; and we got a damaged shell, and two splendid meals, beefsteak one day and soup the next.",u,0,0,1,0,
89,"""I''m a far better cook than she is, and the BBC don''t give me my own show!",u,0,0,1,0,
90,Add the flour and cook for 1 minute.,d,0,0,0,1,
91,Un patissier - une patissière (pastry cook or worker in a patisserie).,u,0,0,1,0,
92,"450g sweet potato 3 leeks, trimmed 60ml olive oil 4 eggs 125ml single cream or milk 125g mature cheddar cheese, grated 2tbsp chopped fresh parsley salt and pepper View Printer Friendly HTML Version PDF Version (requires Adobe Reader) Instructions 1 Peel the sweet potato and cut into chunks. cook in boiling salted water until tender, Drain. 2 Slice leeks, heat oil in large frying pan, add leeks and cook until softened.",d,0,0,0,1,
93,"buy apartments no money down villas for sale sardinia we sell houses california gifts to buy the home gourmet cook take virtual tours of homes for sale.com business chicago relocation colorado prudential realty elk grove california real estate upland california real estate las vegas real estate broker orlando florida houses real estate for rent home improvement magazine estate agents worcester clay county florida rent to own properties witchcraft spell to sell your house Dallas Homes For Sale, New Dallas Homes All of the Dallas home builders featured on our web site have been building new homes in Dallas for many years and each builder meets the State of Texas''s required licensing. http://dallas.americanhomeguides.com/ DFW New Home Rebate.",u,0,0,1,0,
94,"To steam, place the leaves in a steamer and cook for 5-7 minutes or until just tender.",d,0,0,0,1,
95,"And dreaming there by the Yukon bank, with lazy eyes blinking at the fire, these sounds and sights of another world would make the hair to rise along his back and stand on end across his shoulders and up his neck, till he whimpered low and suppressedly, or growled softly, and the half-breed cook shouted at him, ""Hey, you Buck, wake up!",u,0,0,1,0,
96,"""Yes, that Mrs Greasy''s a great cook!",f,1,0,0,0,
97,Stir in the chilli and cook over a low heat cook for 3 minutes.,d,0,0,0,1,
98,Stir in the tomato and cook for another 3 minutes.,d,0,0,0,1,
99,"Cover dish and cook at 150°C for 3 hours, leaving the lid off for the last hour to thicken the yummy sauce.",d,0,0,0,1,
100,"The Slow Method 1) Mount the blank and rough turn aiming for a fairly uniform thickness of 15mm or less. 2) Set to defrost (or 80°c) and ""cook"" for 10 minutes.",d,0,0,0,1,
101,"'' The cook fell prostrate, then turned over on his back.",m,0,1,0,0,
102,"Its great here really, summer all the time, it does make me feel good, sunshine, a warm breeze, beeping scooters and rickshaws, the little cook beavering away next door, the sweeper lady giving me a dirty look because I fetched my own drinking water.",u,0,0,1,0,
103,"The 1861 census shows the wife and three young daughters of James Saunders, a land surveyor, in residence here, looked after by a housemaid, nurse, cook, and underhousemaid, and with a page and a governess.",u,0,0,1,0,
104,"Add the onion, carrot and potato and cook for 15 minutes.",d,0,0,0,1,
105,"I was cook in the monastery there, and the food of the Church I used to sell for myself, so that I had at last much treasure of raiment and brazen vessels and gold-bound books and all that man desires.",u,0,0,1,0,
106,"In addition, Mary is a first class cook, and your on-board dinners will be long remembered.",f,1,0,0,0,
107,"For example: house, mouse die, cry cook, book wheat, sheet Example cards >> 39k Procedure Ask each group to place all of their cards face down on the table.",d,0,0,0,1,
108,It will equip you with all the skills and confidence you require to become a chalet cook.,u,0,0,1,0,
109,Pat Troughton and Devin Stanfield drop in and demonstrate the kirby wire fun of The Box of Delights ... Janet and Michael get into uniform and cook for the marines...,u,0,0,1,0,
110,"While both brothers boast superb pedigrees – Chris is ex-exec chef of The Wolseley & Orrery, while Jeff is former chief cook of L''Escargot – here they''ve toned down their formal, complex cooking styles in favour of simple bourgeois classics that are expertly sauced, seasoned, portioned & elegantly presented.",m,0,1,0,0,
111,"Meanwhile, melt 25g/1oz of the butter in a pan add the flour and cook for 1-2 minutes without browning.",d,0,0,0,1,
112,"Reduce raw foods such as salads, and cook with ginger, garlic and cumin to stimulate joint metabolism.",d,0,0,0,1,
113,Thankyou GFL. mistakes karen Posted 4:19pm Wed 11 Sep 2002 I am a through it all in cook can any of your chefs do a piece on what to do if you put too much salt or too much pepper or too much vinegar or chilli etc in their dishes to rescue them. cheese karen Posted 12:35pm Fri 13 Sep 2002 I have been given some organic stilton cheese.,u,0,0,1,0,
114,"Next cook the shallots and mushrooms in the same pan for 2-3 minutes, turning frequently.",d,0,0,0,1,
115,""" ""To cook food,"" Tim told them, ""Food, cook, hot, yummy.",d,0,0,0,1,
116,Heat a frying pan and when hot cook the beef and horseradish sausages until cooked through.,d,0,0,0,1,
117,"A keen cook, he is also an enthusiast of real ales and good wines.",m,0,1,0,0,
118,"Add the shallot to the pan, cook 2 minutes, then add the mushrooms and cook 2 - 3 minutes until tender.",d,0,0,0,1,
119,Return it to the boil and cook for 5 minutes.,d,0,0,0,1,
120,The sleeve notes are written by Norwich City Director and TV cook Delia Smith!,f,1,0,0,0,
121,"The next day I began dining at home, and found my cook very satisfactory; for, besides the usual English dishes, he was acquainted with the French system of cooking, and did fricandeaus, cutlets, ragouts, and above all, the excellent French soup, which is one of the principal glories of France.",m,0,1,0,0,
122,She is a keen cook and is constantly honing her confectionary-making skills.,f,1,0,0,0,
123,"I asked the cook if I could take his photograph, he seemed surprised that I should want to photograph him, then very chuffed when he realised that I really did.",m,0,1,0,0,
124,Add the pineapple and tomatoes and cook for a further 10 minutes.,d,0,0,0,1,
125,"INGREDIENTS dried chickpeas (250g) garlic (1 clove) shallots diced ground cumin fresh coriander olive oil low fat plain yogurt/light tahini wholemeal pitta bread shredded lettuce METHOD - soak chickpeas overnight in water - cook in unsalted water until soft (30-40 minutes), drain and allow to cool - put all ingredients into a food processor to form the mixture - shape into small balls using ice cream scoop, and add small amount of oil to non-stick frying pan - cook until golden brown on each side. - Serve with natural low fat yogurt or light tahini, and chopped salad in pitta bread Preparation time 20 minutes",d,0,0,0,1,
126,"Tyndall, who came to know the reality of what he was saying, told us: If the meat be over-roasted, we say the bishop has put his foot in the pot, or the bishop has played the cook, because bishops burn who they lust and whsoever displeases them.",u,0,0,1,0,
127,"We employ in-country as many staff as we can -- in Kenya for instance we employ 2 local managers, a project leader, a cook, 2 security guards, a cleaner and a driver, thereby doing as much as we can to provide local people with jobs, cutting down on unemployment and providing families with an income.",u,0,0,1,0,
128,"KITCHEN + o TALOLO, provost and chief cook. + o IOPU, second cook.",u,0,0,1,0,
129,"Pour in the crème fraîche and cook for a further five minutes, stirring all the time.",d,0,0,0,1,
130,"The cook broiled steaks, and the kitchen-maid toasted bread, and boiled eggs.",d,0,0,0,1,
131,"A nice, even cook.",d,0,0,0,1,
132,"Add the garlic, courgette and mushrooms and cook until the mushrooms are golden brown. 3.",d,0,0,0,1,
133,"Occupational asthma due to carrot in a cook . Moreno-Ancillo A, Gil-Adrados AC, Dominguez-Noche C, Cosmes PM, Pineda F.",u,0,0,1,0,
134,"Cover the dish with foil and cook in the oven for 25 minutes, then uncover, sprinkle with the Parmesan and cook for 5-10 minutes to brown lightly.",d,0,0,0,1,
135,"Arrange on a baking tray and cook in a preheated oven 200C, 400F, Gas 6 for 15 minutes.",d,0,0,0,1,
136,"Add the molasses, Worcestershire sauce, ginger, Tabasco sauce, lower the heat to medium and cook uncovered until the vegetables are thoroughly softened and the sauce is thick, 30 to 40 minutes.",d,0,0,0,1,
137,""" Some 16% of consumers would rather order a takeaway than cook a pizza themselves.",d,0,0,0,1,
138,END In this recipe the cook has to perform operations a total of 4 times.,u,0,0,1,0,
139,"Add rice to soften the onion, pour in 3/4 l broth and cook until half soft.",d,0,0,0,1,
140,Number 2 is a very good cook.,u,0,0,1,0,
141,"hi first post on here. have read everything post on steve and first and for most my thoughts and prays are with the cook family through this very difficult time. i am heading to malia 23rd june. i don''t know if you thought of this or are considering it, me and my girlfriend are going in june and we would be more than willing to get some t shirts printed with steve''s pic or the missing poster on in the hope it might jog someones memory. i think everyone who is going to malia this year should have a t shirt.",d,0,0,0,1,
142,"Let the cake cook in the oven for 15 minutes, then wedge the oven door open with a wooden spoon and let it cool for 30 minutes. 6.",d,0,0,0,1,
143,"Mddle Berne, Matron Rider and Miss Nalder all reappeared as did Karen, the cook who had been at the school since the Tirolean days.",f,1,0,0,0,
144,"Add the cornflour mixture to the saucepan containing the prune mixture and cook for a few minutes, stirring constantly, until thickened.",d,0,0,0,1,
145,"Spoon over the pineapple slices, place the ramekins on a baking tray and cook in the oven for 20 mins until well risen.",d,0,0,0,1,
146,Mrs.Parr was clearly able to continue to manage the Home and cook. 4.,f,1,0,0,0,
147,"And Lebanese recipes are also economical, which will please any cook trying to reconcile their post-Christmas household budget.",u,0,0,1,0,
148,"Thanks to your excellent cook who''s breakfasts really set me up for the day, and I did manage to keep them down every day!!.",u,0,0,1,0,
149,Something that will ideally suit every keen pastry cook whose storage space is too low - it''s a bag of shelf raising flour.,u,0,0,1,0,
150,"There is also someone who seems bent on harming Kisa, the cook has walked off, leaving Sparkle Stardust in charge of the kitchen, and a plague of toe biting vampires has struck.",u,0,0,1,0,
151,Add the tuna and cook until cooked through.,d,0,0,0,1,
152,"She always wondered jokingly (She was a cook) if perhaps her meals didn''t cause more discomfort than the enemy. full-name-and-address: Roger Paul Mills 99 Galway Rd Parkview, 2193 Gauteng, South Africa date-today: 23rd June 2001 address-for-email: greencbn@iafrica.com Date created: Sat Jun 23 07:27:30 2001 your-message: Hi everyone out there who knows me.",f,1,0,0,0,
153,Jean Hindry TOP decathlete Dean Macey threw his javelin and shot putt to one side and joined the country''s top school cook to launch National School Meals Week 2002 on the Isle of Dogs last week.,m,0,1,0,0,
154,"Anyone could sign up to do a shift or stay overnight or put on a film or cook food or bring free stuff or arrange an event, and anyone - turning up myself each time I went in to a new collection of faces, it felt like, everyone! - did.",d,0,0,0,1,
155,Add potatoes and cook until soft. 5.,d,0,0,0,1,
156,"Add the olives, capers and fresh herbs and cook everything together, adding a little of the pasta cooking water if necessary.",d,0,0,0,1,
157,The discovery of the cook made a great difference in the state of affairs.,u,0,0,1,0,
158,This Corporal who greeted us (I am ashamed I forget some names and he became a good friend) took us to the canteen for a meal specially cooked for us by the duty cook - such luxury after having to endure for the last 6 weeks the rubbish the catering school at Hereford dished up for us clerks!,u,0,0,1,0,
159,"COOK , S.",d,0,0,0,1,
160,"On Tuesdays, the cook prepared a hot buffet lunch for those students who attended the 1.10pm lunchtime Mass. The secret of this lunch has now filtered out, and between twenty and twenty-five students attend Mass and stay for lunch in the Narthex.",u,0,0,1,0,
161,"The present company, varied from year to year, is much reduced from the original number but to make up for this each actor must be multi-talented, able to act, dance, sing, play a musical instrument or three, cook, pilot a narrow boat, clear weed from propeller blades and empty toilets.",u,0,0,1,0,
162,"Stir in the coconut milk and tomatoes and cook uncovered for 20 minutes, stirring occasionally, until thickened.",d,0,0,0,1,
163,"You can purchase a set of three cook books - Favourite First Courses, Favourite Main Courses and Favourite Puddings.",d,0,0,0,1,
164,Return the sauce to the heat and cook for a further few minutes to thicken the sauce. 4.,d,0,0,0,1,
165,"Add the blended cornflour and cook, stirring, until thickened.",d,0,0,0,1,
166,""" ___(X)___ went, with her nose in the air ... A proud man is never left unruffled when worsted in a verbal duel with a cook, especially a cook aged fifteen with pigtails, and in ___(Y)___''s manner as he turned on his butler there was more than a suggestion of a rogue elephant at the height of its fever.",f,1,0,0,0,
167,What do you do when the only cook in the world gives notice?,u,0,0,1,0,
168,The only casualties were the cook of the merchant vessel who was scalded and my aldis lamp which lay shattered on the bridge.,u,0,0,1,0,
169,"Butter a 1kg loaf tin. â€¢ Heat the butter in a frying pan and gently cook the onions and celery in it for about five minutes. â€¢ Put the breadcrumbs in a bowl and spoon on the contents of the pan, leaving any excess butter. â€¢ Add the apples to the pan and cook for five minutes, stirring in the walnuts at the last minute.",d,0,0,0,1,
170,"Here the cargo was delivered and collected along with a special treat of a couple of bags of homebaked cookies from the station''s cook, which were very much appreciated: Thank You!",u,0,0,1,0,
171,"The variety of more than 90 clearly written recipes featured in this book, plus the wealth of advice provided, on choosing and using a grill and the right tools and on cooking techniques, will give even the most reticent cook the confidence and inspiration needed to create and enjoy great grilled food.",u,0,0,1,0,
172,Place in the middle of the oven and cook for about 30 minutes.,d,0,0,0,1,
173,"Set the mould in a bain marie and cook in a preheated oven. 180 deg C, 350deg F, gas mark 4, Aga - medium oven.",d,0,0,0,1,
174,"Penguin Books Ltd, £10.99 5 The Book of Jewish Food by Claudia Roden ""My step-grandfather had a cook called Fuzda who made a fantastic dish,"" says Clarissa.",u,0,0,1,0,
175,"MRS RUSSELL''S RECIPES Over 17,000 copies of Mrs Russell''s cook books have been sold already.",f,1,0,0,0,
176,"Although her husband sees this for himself, Mrs. Pocket complains of Sophia as a mischief-maker and defends the cook for having always been ""a nice respectful woman"" and for having supported Mrs. Pocket''s deluded idea of her own value by claiming she ""was born to be a Duchess"".",f,1,0,0,0,
177,"Mr McKenna will be ship±s cook on the epic voyage, while Mr Dale will be an engineer.",m,0,1,0,0,
178,"Bring to the boil, and reduce to a gentle simmer and cook for 2 hours.",d,0,0,0,1,
179,"Deeply grieved, I went away and laid myself down near the cook, who woke up and said I was a libertine.",u,0,0,1,0,
180,"Add the milk, bring to the boil then stir in the gouda and cook over a low heat until the cheese has melted.",d,0,0,0,1,
181,Add the required amount of Rizopia pasta and cook uncovered for about 7-10 minutes (We prefer our pasta firm so only boil for 7 minutes).,d,0,0,0,1,
182,It was from a Miss Irene Wilkins who was looking for a position as a school cook.,f,1,0,0,0,
183,"''Even the Hairs of your Head are all numbered'' would give a tremendous significance to one''s hairbrushes: the words about ''living water'' would reveal the music and sanctity of the sink: while ''Our God is a consuming Fire'' might be written over the kitchen-grate, to assist the mystic musings of the cook - Shall we ever try that experiment, dearest.",u,0,0,1,0,
184,"Bob nearly hits Joan, but Joyce does it instead when Joan tells her she wasn''t intending to come to her wedding to some ""schonky little cook"".",u,0,0,1,0,
185,When the oil is smoking hot drop the steaks into the pan and cook for 5 minutes on each side - for medium (4 minutes for rare and 6 minutes for well done).,d,0,0,0,1,
186,The aim of this book is to impart confidence to the cook to use a variety of grains in everyday cooking.,u,0,0,1,0,
187,"Hopefully the cook and her staff will use the prize-winning entry, at least in part.",f,1,0,0,0,
188,Reluctantly Frank agrees to let her cook dinner for him but nothing else.,f,1,0,0,0,
189,(For well done steaks cook for 4 to 5 minutes longer.) Serve immediately.,d,0,0,0,1,
190,"Between commencing his bachelorâ€TMs degree and finishing his PhD, he was also, among other things, an elevator operator, a gardener, a dairyman, a cook, a waiter, a journalist and an editor.",m,0,1,0,0,
191,Now add the risotto rice and saffron to the frying pan and cook for one minute at a medium temperature.,d,0,0,0,1,
192,Then add the meat and its marinade and cook on a low heat until the meat is almost done.,d,0,0,0,1,
193,"Decks? â€o -- -Starless and bible black sabbath- www.myspace.com/konekosphasespacejazz login or register to post comments gothfrogette Posts: 9 Joined: 2005-09-01 editd from editd from newsletter vegan/veggie caterer on site as well as, twice daily meat cook up with burgers and bacon sarnies etc. There is also a farm shop onsite where you should be able to get all your daily supplies of milk, sugar and bread etc. Self catering is fine but please ensure you dont burn the grass wiht your cooking equipment, portable BBQâ€TMs etc must be elevated so once weâ€TMve left the sheep and cows arenâ€TMt forced to eat cooked grass login or register to post comments koneko_Cosmo Posts: 18 Joined: 2006-03-21 ahhh, thanks you.",d,0,0,0,1,
194,"""For goodness sake,"" said Clive, ""how possibly can the best cook in Britain be decided by an Australian wobble-boarder, a showbiz fiend, a dancer bloke and a spikey-haired bloke?!",u,0,0,1,0,
195,"Mark will travel to the winner''s house, provide all the food and cook for a dinner party of eight people.",m,0,1,0,0,
196,"A cook since she childhood and an authoritive food and nutrition writer, Miles has synthesised her full range of expertise in eating for balance and energy in her latest book, The Feng Shui Cookbook . Miles is the founding editor of Diet Designs Digest, a food and nutrition newsletter addressing current issues in nourishing the body and mind.",f,1,0,0,0,
197,"The publican called the cook back in, and dusted off the rooms which I''m sure hadn''t seen many guests in recent times.",u,0,0,1,0,
198,It is normally possible to hire a cook on the island.,u,0,0,1,0,
199,Add the vegetables and cook until browned.,d,0,0,0,1,
200,Immerse yourself in the ancient mystery of this magical city Stay at a privately owned riad in the heart of Marrakesh where beautifully restored rooms are built around a central courtyard of fountains and orange trees The riad is an oasis of calm and tranquility amidst the bustling atmosphere of narrow streets and fascinating souks The cooking is wonderfully relaxed Under the guidance of a Berber cook you will prepare authentic Moroccan dishes in the way they have been made for centuries.,u,0,0,1,0,
201,"Her father read a draft prospectus warily, and her aunt dropped fragments of her projects for managing while the cook had a holiday.",u,0,0,1,0,
202,"Melt the remaining butter and stir in the flour, cook for 1-2 minutes, stirring, then add the reserved liquor.",d,0,0,0,1,
203,"Add the flaked almonds, soy sauce and marjoram and cook for a further few minutes. 8.",d,0,0,0,1,
204,Girma turned out to be a very good cook.,u,0,0,1,0,
205,"Pour the mixture onto the greased dish and bake and cook for 45 minutes, until golden brown and the mixture has blistered. 4.",d,0,0,0,1,
206,"You may already consider yourself a good cook, cooking for friends and family and at dinner parties.",u,0,0,1,0,
207,"Seth, Saeed Jaffrey My Super Ex-Girlfriend (12A) Limited release With: Ivan Reitman, Uma Thurman, Eddie Izzard, Luke Wilson, Anna Faris When a regular guy dumps a superheroine because of her neediness, she uses her powers to make his life a misery Mysteries Of Egypt (U) Very limited release With: Omar Sharif, Bruce Niebaur, Kate Maberly Mystery Movie (18) Very limited release Nacho Libre (12A) General release With: Jack Black, Jared Hess, Ana de la Reguera, Hector Jimenez A cook who works at a monastery moonlights as a wrestler to win cash to help an orphanage.",u,0,0,1,0,
208,"limits (max 3 units a day for men, 2 for women; avoid binge drinking). o Eat at least five portions of fruit and vegetables daily (only one allowed from juice). o Don''t eat too much fat (especially saturated fat). o Eat plenty of foods rich in starch and fibre (bread, cereals, rice, pasta, potatoes, fruit and vegetables). o Don''t eat sugary foods too often (cakes, biscuits, confectionery). o Eat plenty of fresh foods and cook vegetables as little as possible to retain the maximum amount of vitamins and minerals. o Eat the right amount to be a healthy weight (keep your body mass index between 20-25). o Drink 2 litres (8 glasses) of water a day. o Allow yourself a treat once or twice a week, whether it is a takeaway, or a few glasses of wine, so that healthy eating does not feel like a chore.",d,0,0,0,1,
209,"Turn down the heat to medium and cook for 15-20 minute, Drain well.",d,0,0,0,1,
210,"COOK, S, MACAULEY, S and COLDICOTT, H. 2004.",d,0,0,0,1,
211,"An accomplished cook, Graham''s training includes experience at the K-Club, Hibernian and Merrion Hotels.",m,0,1,0,0,
212,Three meals a day are prepared by a cook and an assistant with teas and coffees available for guests to help themselves.,u,0,0,1,0,
213,"These inspiring recipes are readily available ingredients, making Foolproof French Cookery the perfect guide for the experienced cook and novice alike.",u,0,0,1,0,
214,"Add 175g/6oz skinless turkey, cut into strips, and cook until brown.",d,0,0,0,1,
215,"Remove the foliage, and cook for 7 minutes in boiling water.",d,0,0,0,1,
216,"Is sex of cook or yield of cow, Or rice disease or kitchen row, The reason for the inconsistent making?",u,0,0,1,0,
217,Pax Lodge World Centre is looking for a qualified or very experienced chef/cook to help run its busy kitchens in London (Hampstead).,u,0,0,1,0,
218,"crucial that GPs, community-based nurses and dietitians work together to develop evidence-based protocols for the management of undernutrition in the community, with clear guidelines on the use and monitoring of ONS. - end of page 18 - Table 4: Suggestions for increasing energy and protein intake of the diet Key strategies Suggestions for practical advice/support Identify primary reasons for poor intake - Refer to GP for treatment of depression, nausea etc - Contact social services re meals on wheels, home help, luncheon clubs, local meal delivery services if unable to cook/shop Increase the portion size give guide on target portions of meat/fish/milk etc - Advise to increase the amount of milk used eg milky drinks and puddings - Give guidance on portion size of meals eg increase amount of meat and potatoes - Take something cooked at breakfast eg bacon and eggs - Take proper puddings eg fruit crumble and custard Increase frequency of consumption (eg if appetite small/nauseated) Increase energy and protein dense food and if necessary also reduce low energy density foods/fluids - Take 5-6 small meals",d,0,0,0,1,
219,"Under the supervision of cook Mary Woodfine, they serve 20-30 nursery meals a day and about 50 meals a day, including sandwiches and home made soups, to the community.",f,1,0,0,0,
220,"I was trying to explain why I think that initially following the recipe carefully is important, and the whole point of this is while I think I have reached a fair degree of competance now when I started I was as ignorant as any beginner; but the difference that made me a good cook in the eyes of my friends was simply that I followed the recipes.",u,0,0,1,0,
221,""" Another pupil, Phoebe, said ""the school cook made some fruity snacks for children, teachers and parents to taste.",u,0,0,1,0,
222,Friday night when we set sail And our ship not far from land I there did spy a fair pretty maid With a comb and a glass in her hand And the raging seas did roll And the stormy winds did blow There were we jolly sailor boys sitting up aloft And the landlubbers lying down below Then up spoke the little cabin boy And a fair haired boy was he I''ve a father and mother in fair Portsmouth town And tonight they a-weeping will be And up spoke the cook from our gallant ship And a very good cook was he I''ve a wife who loves me in fair London town And tonight she a widow will be And three times round went our gallant ship Three times round went she Three times round went our gallant ship And then she sank to the bottom of the sea,m,0,1,0,0,
223,At first she''s just a little twitchy- explaining that she used to be a cook at Camp Crystal Lake back in the 50''s; just before a terrible accident...,f,1,0,0,0,
224,"Bill Lister , disguised in the beard that made Fruity Biffen look like an Assyrian monarch, terrorises Veronica Wedge . He then tries to pass his note to Lady Hermione Wedge in the mistaken belief that she is the castle cook.",f,1,0,0,0,
225,Smith started off his working life as a cook at Christ Church.,m,0,1,0,0,
226,"However, I remember I went to the company cookhouse for rations - they were a grand lot in the army - the Sergeant cook said ""well Cheall, what are you after?",u,0,0,1,0,
227,"By her own account, Mrs Stevens was not an experienced cook and, as she described them to us, there does not seem to have been a great deal wrong with the onions.",f,1,0,0,0,
228,"We have a 4wd van and a driver to accompany us all the time, plus guides, a cook and an interpreter (me).",u,0,0,1,0,
229,"Next, add the herbs and cook for a few seconds.",d,0,0,0,1,
230,"Mrs Rita Carr arrived as ""cook in charge"" rather than caterer.",f,1,0,0,0,
231,"Staff Housekeeper, cook available on request, 24 hour security.",u,0,0,1,0,
232,I am a keen cook and often spend my time at the various markets across London.,u,0,0,1,0,
233,Return to a gentle heat and cook for 1 minute stirring all the time.,d,0,0,0,1,
234,"I hope you can help me and I am running out of ideas. regards and many thanks Lorraine 18.03.2005 Hi looking 4 a STEVE or STEVEN TODD who lives in York he used to live in Osbaldwick ,he worked 4 abb his bda6y is 16th march he b 40,his mum is called Val, he had a son in 1988 2 a Angela cook ,his sons name is Benedict ,Ben now lives in Lowestoft and really would like to find his dad please any1 that can help please send mess, I am his sis helping him I still live in York but no luck finding Steve yet thanku. 20.03.2005 I am looking for ANDREW GAY (birth name), he was born in Bristol on the 17th August 1968,his birth mums name is Marian who will be 61 this year, I am his younger sister who was also placed for adopted in 1971,I have",d,0,0,0,1,
235,"Corbels supporting the roof timbers have wonderful carvings including a monk with a sheaf of corn, a forester with his axe and a cook with a ladle.",u,0,0,1,0,
236,"Return the mixture to the rinsed out pan and cook, stirring all the time, over a moderate heat, until lightly thickened. 7.",d,0,0,0,1,
237,"Sabatier are another popular brand who also have a five piece knife set which includes a parer, carver, cook, utility and bread knives.",d,0,0,0,1,
238,The cook had given me a couple of onions and I give her them.,u,0,0,1,0,
239,"Slash the top with a sharp knife, brush with the beaten egg to give a golden colour and cook for 1 hour. 5.",d,0,0,0,1,
240,"The artificers so far have been on cookers and general cook house equipment, and have not been otherwise bothered.",d,0,0,0,1,
241,"A friend who knew that I had an interest in Buddhism recommended a small retreat centre outside of Limoges that needed a part-time cook, so I went there, not really knowing what to expect.",u,0,0,1,0,
242,"The new method is based on the fast RF-heating of vacuum-packed fish products immersed in de-ionised water of very low electric conductivity, following fast cooling or freezing (cook/chill or cook/freeze).",d,0,0,0,1,
243,"Nurses and laundrywomen now received 1s. per week, the inmates who taught handwriting in the girls'' school and who laid out the dead received 1s.6d, and the cook and barber received 2s.",u,0,0,1,0,
244,"When not rowing she is a lawyer, wife, gardener and cook.",f,1,0,0,0,
245,"Media browser - click on picture to select Lateral view of a preserved specimen of Pseudoplatystoma tigrinum An Amazonian beauty, Pseudoplatystoma tigrinum , held up to my camera by the boat''s cook Recently caught specimen of Pseudoplatystoma tigrinum viewed from above A recently caught specimen of Pseudoplatystoma sp.",u,0,0,1,0,
246,Always cook in a well-ventilated area and avoid cooking in a confined space (such as a tent). 3.,d,0,0,0,1,
247,"Heat rating: Medium Cooking instructions Mix onion, peppers, chicken, oil and seasoning from cap. Heat a large frying pan and cook chicken mixture over high heat until well browned.",d,0,0,0,1,
248,"So, although we can see the makings of the proficient cook from those early toddler days, it''s difficult to see the makings of the present day successful actuary....",u,0,0,1,0,
249,"Oh, and the two windows overlooking the garden and valley give the cook plenty to see!",u,0,0,1,0,
250,Vegetarian food prepared by resident cook.,u,0,0,1,0,
251,"Our small number of Nepalese cook staff, work tirelessly to satisfy our needs; providing us at Base Camp with three meals a day and a constant supply of hot water (tato panni).",u,0,0,1,0,
252,Henry david thoreau tourcall captain cook.,m,0,1,0,0,
253,"We loved colour and the inspired medieval cook made dishes coloured with saffron, marigold and bright green herbs.",u,0,0,1,0,
254,"Remove the chicken from the pan, add the onion and garlic and cook until soft. 10.",d,0,0,0,1,
255,"Caroline is also our Weight Management Co-ordiantor, providing one to one sessions for members to sign up to, to help educate and control their weight through presentations, cook offs of Health recipes, and regular diet plans and weigh ins.",f,1,0,0,0,
256,"Sheila Crosby, who runs the pub with her husband Peter, is a terrific cook, and her lengthy menus and daily specials offer a choice that is second to none.",f,1,0,0,0,
257,"Add the carrots and cook for 2 minutes, stirring. 2.",d,0,0,0,1,
258,"Our first destination was Marchantaria Island, towards which we chugged our way as we ate breakfast, the first of many delicious and ample meals prepared by our cook.",u,0,0,1,0,
259,There''s also a cook and a girl...,u,0,0,1,0,
260,"Pour in the wine and cook over a high heat, stirring, until it has been absorbed. 3.",d,0,0,0,1,
261,Cook/C.,d,0,0,0,1,
262,No cook and no domestic staff were employed.,u,0,0,1,0,
263,"Sasha Hazael has been a cook and food stylist for photography, advertising, design companies and editorial for fifteen years.",f,1,0,0,0,
264,"The historian in this situation is not a chemist capable of making a forensic study, but a cook attempting to unscramble eggs.",d,0,0,0,1,
265,"That night we had yet another cook in sauce curry, I think we have now done the full range!",d,0,0,0,1,
266,"buy or sell healthcare properties estate agents worcester arizona real estate schools gifts to buy the home gourmet cook houston real estate listings property developers cyprus estate agents homes for sale in charleston, sc buy palm harbor property buy your own home international relocations specialist lake forest california real estate arizona bad credit mortgage loans house plans and tower Pinehurst Real Estate, Seven Lakes Real Estate, Moore County Real ... If you are ready to buy property in the next six months, and are willing to sign an Exclusive Buyer Agent agreement with me, you may choose Dream Home Finder and fill in the requested information. http://www.pinehurstrealestate.net/ Buyer Team Realty -- Exclusive Buyer''s",d,0,0,0,1,
267,"Queenie was an excellent cook and I got to sample the pleasures of Armenian food over the course of my stay at Woodfield Road, feasting on stuff such as beoreg (a sort of cheese and filo dough samosa), cheoreg (Easter bread), yalanchi (pine nuts, rice, currants, and spices, wrapped in grape leaves), lachmajeun (a savoury Armenian pizza), keufta (spicy meatballs), and pilaf (rice and noodles).",f,1,0,0,0,
268,Wrap each fish in a foil parcel and cook on a preheated barbecue for 6-8 minutes on each side.,d,0,0,0,1,
269,"Thereupon a certain Adam de S t Albans, fearing this would happen, asked the cook and the clerk why they were beating the boy so maliciously.",u,0,0,1,0,
270,"The three fugitives come to a farmyard where a cock is sitting on a gate, crowing with all his might - the cook is planning to make him into soup the very next day!",u,0,0,1,0,
271,"We read in the Kindred Sayings (V, Mahaa-vagga, Book III, on the Stations of Mindfulness, Ch I, 8, The cook, II) that the Buddha spoke to the monks about a foolish monk he compared to an unskilled cook, and a wise monk he compared to a skilled cook.",u,0,0,1,0,
272,Then turn the squid over after about 3 to 4 minutes and cook on the other side; the squid should not be at all pink inside once it is cooked. 5.,d,0,0,0,1,
273,November 2004 Howes Percival Cake Bake Cookbook Launch 2004 Raising money for MS Society via a custom designed cook book full of recepies for home made cakes.,d,0,0,0,1,
274,"To get the most lycopene, cook tomatoes with a little ""healthful"" fat, such as olive oil.",d,0,0,0,1,
275,It also provided a surface on which the cook could work.,u,0,0,1,0,
276,"Some twenty minutes later, Sally Day, who was continually leaving the wheel to peer in at the cabin clock, announced in a shrill cry ''Fo''bell,'' and the cook was to be seen carrying the soup into the cabin.",u,0,0,1,0,
277,"Pan-to-hand-to-mouth food, these are sustenance for the twelve-minute interval before supper, and so when the first hundred are ready, the cook, the one called Bice, hands me the tray and says, ''Vai, go'' without looking up.",u,0,0,1,0,
278,"Brush the baguette slices with olive oil, put on a baking tray and cook for approximately 8 minutes until golden.",d,0,0,0,1,
279,"Before he appeared, he heard a stir in the kitchen, saw preparations going forward, and glanced at me as he asked the cook the reason of this.",u,0,0,1,0,
280,"The first question was: ""Carole - it says in your Form F that you are not a very good cook.",f,1,0,0,0,
281,"The cook and the housemaid were very nice (I don''t mind telling you their names – they were Clara and Ethelwyn), but they told Mother they did not seem to want Mrs. Viney, and that she was an old muddler.",f,1,0,0,0,
282,"The family had four servants (a ladies-maid, cook, table-maid, and a housemaid, all Scottish-born).",u,0,0,1,0,
283,"Boil two quarts of salted water, and put the ribbons into it, and cook for ten minutes, then drain.",d,0,0,0,1,
284,"The cook and butler, who were advanced in years, thought that it was just as it should be; but the footman and lady''s maid, who were younger, thought it was a great shame that Mr Slope should lose his chance.",u,0,0,1,0,
285,He had taken lodgings locally - in Polperro I think - and used to sneak over for visits once the cook had gone back home.,u,0,0,1,0,
286,"On one occasion, Macmillan, Lord Salisbury and Roy Strong had been invited to dine with Lady Diana Cooper, but found on arrival that Lady Diana had confused the dates and given her cook the evening off.",u,0,0,1,0,
287,"She would work until called for her midday meal, which could be asked for any time between twelve and four, a constant annoyance to Mabel''s cook.",u,0,0,1,0,
288,Pour in the red wine and cook until reduced by half.,d,0,0,0,1,
289,"1 medium onion, 1 clove of garlic, 1 tsp curry powder, 1 tbsp olive oil, 2 tbsp ground almonds, 2 organic chicken breasts, 150g basmati rice, 2 tsp fresh coriander, 150g pot ot Yeo Valley Natrual Yogurt Method Heat oil in a frying pan and soften the onion, add the garlic and curry powder, cook on medium heat for 5 mins.",d,0,0,0,1,
290,A last-minute dramatic shift from melodrama highlighted with hilarious comic moments (flashbacks include Hilditch''s ritual humiliation as a child at the hands of his eccentric TV cook mother) to psycho-sexual thriller also detracts from the characters'' fates.,f,1,0,0,0,
291,Bring to a boil and cook until the chicken begins to change colour.,d,0,0,0,1,
292,"Luckily, some of the tastiest ways to cook poultry are also some of the healthiest.",d,0,0,0,1,
293,A great little company and a great little cook book!,d,0,0,0,1,
294,"Our client, a privately owned residential home, located in one of Sheffield''s most affluent suburbs are looking to recruit a part time cook/chef to work 30 hour a week.",u,0,0,1,0,
295,"Tommy''s meals would first be drawn, as raw materials, from the Bread and Meat Stores using the 18-inch round meat dish and carried to the cookhouse for the regimental cook and his helpers to convert into an appetising meal!",u,0,0,1,0,
296,"Disc-jockeys and crew, from the left: Mark West , Steve Merike , Tony Allan , Drew Main (engineer), Len Ingram alias ""Klinker"" (cook), Tommy Connor (engineer), Brian Webb , Bob Donnelly (engineer), Richard Park and John Kerr . Click on an image below to enlarge.",m,0,1,0,0,
297,"Sally Donegani < Go back to the top of this page Paul Bunyan - Cast List Four Young Trees Julie Partridge, Sue Foister, Colin Fleming, Dave Phipps Three Wild Geese Sally Donegani, Wendy Norman, Kuan Hon Narrator (Ballad singer) John Street Paul Bunyan Ellis C Pike Johnny Inkslinger Mark van Ments Tiny, daughter of Paul Bunyan Julie Partridge Hot Biscuit Slim (a good cook) Colin Fleming Sam Sharkey (a bad cook) Dave Phipps Ben Benny (a bad cook) Angus Henderson Hel Helson John Lofthouse Four Swedes Phil Hollman, Eduardo Clementi, Ian Ring, Jim Fisher John Shears (a farmer) Dave Phipps Western Union Boy a member of the London Oratory School, tba Fido (a dog) Tara Overend Moppet (a cat) Sally Donegani Poppet (a cat) Keri Atkins Quartet of the Defeated Sue Foister, Colin Fleming, Ian Ring, Ian Barker Four Cronies of Hel Helson David Lillie, Jim Fisher, Ian Ring, Phil Hollman < More info about Paul Bunyan < Go",u,0,0,1,0,
298,One of my grandmothers was a brilliant cook.,f,1,0,0,0,
299,Blend in liver spread and cook for additional 5-7 minutes. * you can substiture lamb for dog.,d,0,0,0,1,
300,"Delia Smith (TV cook) 6 April 2001 The Sound of Singing On Friday 6 April Carrie Fisher along with 3 young children went to see Sing-a-Iong-a Sound of Music at the Prince Charles Cinema, London.",f,1,0,0,0,
301,"Place the aubergine slices directly on the grill and cook over hot coals for 4 minutes, until lightly charred.",d,0,0,0,1,
302,"Wrap the bird in fat bacon and place in a covered tin, or wrap loosely in foil Place in hot oven for 30 minutes, reduce to 350o and cook for about 40 minutes longer depending on the size of the bird.",d,0,0,0,1,
303,""" ""Because when I was cook in the Hotel ''Centro'' in Gerona, the owners had a nephew who wanted to be a priest.",u,0,0,1,0,
304,"I forgot that bit before and it made things difficult because we couldn''t drink, wash, wash our hands, cook stuff, boil stuff, go to the toilet or, most horrifically, brush one''s teeth, for a good 36 hours.",d,0,0,0,1,
305,"Tony crashed a truck, the seismograph failed to work, the cook left and accidents with a drill lost a fifteen thousand dollar contract.",u,0,0,1,0,
306,The group cook and eat a healthy meal and are given a recipe sheet to take home with them.,u,0,0,1,0,
307,"Hila Lippman, a Polish Jewess, said that at Belsen she was a cook in kitchen No. 1 in camp 1.",f,1,0,0,0,
308,Relax and let the captain and his crew (especially the cook) take care of you.,u,0,0,1,0,
309,Corps Signals between 1977 and 1993 alan boooth was at Corps Signals between 1957 and 1969 Steve Bovan was at Corps Signals between 1980 and 1998 leslie brookes was at Corps Signals between 1976 and 2004 mick Brown was at Corps Signals between 1978 and 2002 Stephen Burns was at Corps Signals between 1988 and 0 ian campbell was at Corps Signals between 1977 and 1991 JOHN(nobby) CLARKE was at Corps Signals between 1995 and 1997 bernard clarke was at Corps Signals between 1946 and 1948 Donald Cleghorn was at Corps Signals between 1958 and 1980 louis cook was at Corps Signals between 1954 and 1954 graham cooper was at Corps Signals between 1966 and 1969 DANIELLE CRITCHLOW was at Corps Signals between 1995 and 0 gerald dear was at Corps Signals between 1983 and 1999 Ted Devanney was at Corps Signals between 1960 and 1963 william dewhurst was at Corps Signals between 1964 and 1986 Graham Dorward was at Corps Signals between 1998 and 2004 karen dougall was at Corps Signals between 0 and 0 BOB DUFF was at Corps Signals between 1975 and 1993 patrick earl was at Corps Signals between 1937 and 1956 PAUL MICHAEL,d,0,0,0,1,
310,"risks they are taking if they fail to restrain their children on routine car journeys. 29 June 2006 Hairstyles to dye for BEAUTY: Turning that grey hair black may have seemed like a good idea at the time and there can''t be many people who haven''t tried the peroxide blond look, but it''s all too easy to end up with a rather odd looking head of hair. 28 June 2006 A diet on your doorstep ... It may be the secret to many a celebrity''s enviably slim figure, but a live-in cook isn''t an indulgence we can all afford.",u,0,0,1,0,
311,"The boat was close to the vessel and William Heddles, who had been at the wheel, jumped and was picked up, but James Timbrell the Jamaican cook, would not even though he was told to use one of the lifebuoys.",m,0,1,0,0,
312,Bring to a simmer & cook for 10 minutes Melt the Soya spread and add the flour to make a roux by stirring together over the heat.,d,0,0,0,1,
313,"An example would be ""isn''t she a marvellous cook?",f,1,0,0,0,
314,"When the tortilla is the required size, cook on a hot griddle/pan until covered with brown patches - it should still be flexible.",d,0,0,0,1,
315,"The captain, mate, Chips, cook and myself formed the ""afterguard"".",u,0,0,1,0,
316,I turned on deck not knowing the face of the cook. 20th.,u,0,0,1,0,
317,"GMTV cook up Christmas treat for Georgeline (13/12/2005) GMTV cooked up a surprise Christmas treat for Council chef Georgeline Udenwoke as she prepared meals at Mayesbrook older people''s home, Barking, last week.",d,0,0,0,1,
318,"Put some water on to boil asap too - In dry weather, cook well away from your tent - Never cook inside your tent - Keep all your equipment as tidy as possible - PUT ALL EQUIPMENT INSIDE YOUR TENT AT NIGHT - leave nothing out WASHING UP - Wash up in the designated wash up sinks at the campsite - If there are none, DO NOT WASH UP UNDER THE DRINKING WATER TAP!! - Take away some water in a pan and make this your washing up bowl.",d,0,0,0,1,
319,"This is food for the senses and its making will engender huge satisfaction for the cook. £25, Weidenfeld & Nicolson Only the Best by Michel Roux This is for the true gourmand as Michel Roux takes you through the techniques and secrets that are needed to produce food of Michelin standard.",u,0,0,1,0,
320,"Our cook is also a black man, and Mr. Septimius Goring has a little darkie servant, so that we are rather a piebald community.",m,0,1,0,0,
321,"Top with grated cheese, cook on 125/150° (will vary with different ovens) until cheese browns and bubbles.",d,0,0,0,1,
322,"Put the butter, milk, dried fruit and caster sugar in a large pan and cook over a low heat for 2-3 minutes, stirring occasionally, until the butter has melted and the sugar has dissolved.",d,0,0,0,1,
323,Add mushrooms and cook for 2-3 minutes until juices run.,d,0,0,0,1,
324,"Then add: 1 tablespoon of dried apricots (I prefer them cut up quite finely so I forget that they are there) 1 pint of mayonnaise (yes, really 1 pint) 2 tablespoons of cream Before adding, cook for 3 minutes: 3 cold cooked chickens cut into slice pieces.",d,0,0,0,1,
325,"real estate rent to own or lease in florida homes realestate agent online estate agents north carolina house for sale property rentals systems how to rent a house who can buy property in hawaii gifts to buy the home gourmet cook sell property in harrison county mississippi Apartments to Let in Birmingham, Flats Rent Birmingham, Residential ... ... Lettings - Landlords can register with us, we are the best from of all lettings agents birmingham.",u,0,0,1,0,
326,"A quotation from a letter written by John Wheelwright at the beginning of the book reads: ''be a Socialist painter, as another is a Socialist cook, mechanic, lemon picker or as with Engels, manufacturer''.",u,0,0,1,0,
327,"On the day of St. Philip and St. James, 1304, the following nineteen were the professed of the priory: William Whaleys, prior; Adam de London, fraterer; Henry de Kersalton, pittancer; Henry de Blockele; Peter de Cheynham, precentor; Ralph de London, cook; John de Gatton; Geoffrey de Wendover; John de Lech lade; Roger de Wynton, sub-prior; Roger de Reygate, cellarer (erased); Symon de Westminster; John de Cantuar; John de Northampton; John de Wynton, sub-cellarer; Robert de Kancia, cellarer; Robert de Wells; and John de Ardenere.",m,0,1,0,0,
328,"Our engineer, electrician, cook and confidante.",u,0,0,1,0,
329,Brush sausages with a little oil and cook on a grill pan on a medium heat 7.,d,0,0,0,1,
330,"Chef, Paul Lane, was a key player in SAW hosting a cook off attended by Lesley Waters.",u,0,0,1,0,
331,"Melt the butter in a medium saucepan, add the flour and cook over a medium heat for 2-3 minutes stirring constantly. 4.",d,0,0,0,1,
332,For the next fifteen years she was employed as a cook and cleaner and it was not until 1878 that she was accepted as a student nurse.,f,1,0,0,0,
333,"The window sills of the cook house are still there in the wall across the lane, left.",d,0,0,0,1,
334,"So amidst the many IT courses, courses that provide experience in, say another language, courses which enable one to keep fit and healthy, or cook in a new way, one finds the occasional bizarre one such as palmistry, or Tarot Card reading, or other such oddities.",u,0,0,1,0,
335,Ingredients: Streaky bacon cut into 3cm strips Smoky bacon (if you like a smokier flavour) cut into 3cm strips Leek sliced Brussel sprouts sliced into threes Garlic crushed Soy sauce a splash Balsamic vinegar a splash Olive oil White basmati rice Method: Cook bacon with garlic in oil then remove from pan.,d,0,0,0,1,
336,It just did not say â€œcome and cook from meâ€?.,d,0,0,0,1,
337,Geoffrey''s grandmother was Joseph Chamberlain''s cook.,f,1,0,0,0,
338,"The Classical Cookbook 50 recipes allow the modern cook to recreate the varied diet of the classical world, from the banquets of the rich to the simple meals of soldiers, farmers and slaves.",u,0,0,1,0,
339,Built-in ovens are available in a wide array of styles and can accommodate the needs of every chef; from the busy single who entertains occasionally to the world-class cook who prepares a four-course dinner every night.,u,0,0,1,0,
340,Mum is given the job as canteen cook after all she can''t be as bad as Olive 73.,f,1,0,0,0,
341,"Mr. Steyne had dined, but he nevertheless ate a hundred scolloped oysters, in the preparation of which my cook was wonderfully expert; he also honoured the champagne with equal attention.",u,0,0,1,0,
342,""" grunted cook, with a shudder of disgust.",u,0,0,1,0,
343,"This hotel is run by Albert (the Jenkins'' former cook), and here Nick meets Bob Duport who, during an evening''s drinking, tells Nick of Jean''s series of lovers which Nick still finds painful.",m,0,1,0,0,
344,"To my disbelief I saw one man, the cook, on his knees praying at the cabin stove as if it was an alter.",m,0,1,0,0,
345,"They are met by the newly hired cook, butler and secretary, but their host never shows up, and one by one they are killed off.",u,0,0,1,0,
346,"Then another drama, The Secret Life of Mrs Beeton, will tell the story of the Victorian cookery writer who - er - revolutionised the way the British cook.",f,1,0,0,0,
347,Add a big handful of pine nuts and the rice and cook for another 5 minutes.,d,0,0,0,1,
348,"On these steps, by-the-by, I have not unfrequently seen Madame Pelet seated with a trencher on her knee, engaged in the threefold employment of eating her dinner, gossiping with her favourite servant, the housemaid, and scolding her antagonist, the cook; she never dined, and seldom indeed took any meal with her son; and as to showing her face at the boys'' table, that was quite out of the question.",u,0,0,1,0,
349,Mr. B__ is merely extorting a cook.,u,0,0,1,0,
,,,,,,,
,,,,,,,
,,,,,,,
,,,,,,,
,,,,,,,
