Record#,Sentence,Tagging,Female,Male,Unknown,Disregarded
1,The first officer to respond will be required to obtain as much information concerning the missing person as possible.,u,0,0,1,0
2,He is the chief finance officer and company secretary of Aston-Mansfield.,d,0,0,0,1
3,"On the deck of the little cutter all was in that well-known apple-pie order customary on board a man-of-war, for so Lieutenant Lipscombe in command always took care to call it, and in this he was diligently echoed by the young gentleman who acted as his first officer, and, truth to say, second and third officer as well, for he was the only one--to wit, Hilary Leigh, midshipman, lately drafted to this duty, to his great disgust, from on board the dashing frigate Golden Fleece . ""Man-o''-war!",m,0,1,0,0
4,Also his future career as an intelligence officer should have been severely affected.,m,0,1,0,0
5,"No officer is ever to enter into my house again, nor even to pass through the village.",u,0,0,1,0
6,"This was established through careful research, a meeting with the Defence Estates (DE) case officer and the Valuation Office (who had been employed on earlier releases).",u,0,0,1,0
7,"A few days ago, however, we received a visit from a military officer, who asked to see the issue of Light containing the article in question.",u,0,0,1,0
8,"NOTE - Mr Dunion says that it is my request about the bomb disposal officer, Mr Gould, and the Scene of Crime Officer, Mr Chisholm, that is INVALID.",m,0,1,0,0
9,The officer was sick for a few days but was keen to return to work for financial reasons.,u,0,0,1,0
10,"The mental health officer must also inform the responsible medical officer of those matters listed in subsection (2)(d), primarily whether the mental health officer agrees that the compulsion order should be extended.",d,0,0,0,1
11,"T and R were represented by the fourth respondent, their guardian, an officer of Cafcass.",u,0,0,1,0
12,"MySQL announced on Feb. 27 its hiring of Starkey, and also the hiring of a new chief technology officer, Taneli Otala, the former CTO of SenSage. http://www.computerworld.com.au/pp.php?id=1423768456&taxid=620938001 http://www.eweek.com/article2/0,1895,1869989,00.asp http://www.eweek.com/article2/0,1759,1871112,00.asp http://arstechnica.com/news.ars/post/20060217-6210.html Coming Soon -- Oracle rootkits??",d,0,0,0,1
13,"I mean, you are an experienced officer, and you knew your way around the organisation, but if you were a young female officer joining, very inexperienced, where can those officers go to get help, guidance and support?",f,1,0,0,0
14,"Suggested Wording: solicitors Will drafting guidelines I give and bequeath to The Childrenâ€TMs Society of Edward Rudolf House, Margery Street, London, WC1X 0JL, Charity No. 221124 (insert amount, percentage of estate or description of securities or property, ect.) absolutely to be used for general purposes AND I DIRECT that the receipt of the Treasurer or other proper officer of The Childrenâ€TMs Society shall be good and sufficient discharge.",d,0,0,0,1
15,"Says John Gage, chief research officer at Sun Microsystems: After listening to three days of serious analysis and work [at a conference on computers and the Third World, where Gates spoke], and then to have Gates rather flippantly say, ""You''ve got to have clean water and food"" -- that wasn''t exactly furthering the point of the entire meeting.",d,0,0,0,1
16,"The officer asked me to look around, which I did and found that I''d ordered everyone back and had been digging all by myself, in fact I was the only one still working out of the entire unit.",u,0,0,1,0
17,Blitz all the agencies for a CASE TRANSFER and get the families officer on board should smooth the transition.,d,0,0,0,1
18,Lt Ridout joined the column as supply and transport officer. 9th March 1902 Sunday: Lawley''s column separated from the other columns.,u,0,0,1,0
19,"An English officer, who had the temerity to advance a few paces to seize a Highlander, was instantly cut down by him and killed on the spot.",u,0,0,1,0
20,"The officer in charge of the investigation, Detective Chief Inspector Raymond Ramsey, said it was a vicious and brutal murder of an innocent man during the loyalist feud, which had left a family devastated, and it was vital for society that those responsible were brought to justice.",m,0,1,0,0
21,"It should be noted that when serving notices on registered companies, registered office addresses can often be ascertained free of charge from the ""companies house"" website at www.companieshouse.gov.uk . Paragraph 5H to schedule 9 of the act states that where a valuation officer requires the name or address of a person on whom an FOR (or penalty notice) is to be served, he may serve a notice on a billing authority which he reasonably believes may have that information requesting the authority to supply him with that information.",d,0,0,0,1
22,"Val''s father, an officer of long experience in many conflicts, was obviously devastated by the death of his only son.",m,0,1,0,0
23,"Such learning equips the officer with sets of expectations of what will be demanded of him or her in different places at different times and what members of the public might be doing in those places at these times"" (Brogden et al. 1988: 40) But at the same time it must be remembered that there was another source of major conflict between the police and the working class.",u,0,0,1,0
24,"Notice of decision to refer case to a hearing 14. - (1) Where a case is to be referred to a hearing, as soon as practicable the officer concerned shall be given written notice of the decision to refer the case to a hearing, and at least 21 days before the date of the hearing he shall be supplied with copies of - (a) any statement he may have made to the investigating officer; and (b) any relevant statement, document or other material in each case obtained during the course of the investigation.",m,0,1,0,0
25,"If any other officer or police department or the IPCC becomes responsible for the handling of the case or preparation of case papers or information, the officer responsible for the case or other nominated police officer will notify the CPS Unit in writing.",u,0,0,1,0
26,"Adding to the general mayhem are Rani''s strict army officer father (Amrish Puri), Samir''s best friend and astrologer (Rajpal Yadav) and resident snoozer (Satish Shah).",m,0,1,0,0
27,"For some reason, some service the nature of which had been often whispered and repeatedly denied, the Rajah of Kashgar had presented this officer with the sixth known diamond of the world.",u,0,0,1,0
28,The result was that I was reduced to the rank of Corporal and sent immediately to attend a course in small arms instruction at Hythe in Kent. You thought that I was going to say that I was sent to Sandhurst to train as an officer.,u,0,0,1,0
29,Amendments such as this must be verified by an officer of higher grade before the system will accept the change.,u,0,0,1,0
30,"This Extended Schools Team, which is unique in the country, also includes an extended school manager, a support officer and two additional Somali Achievement Strategy Manager posts.",d,0,0,0,1
31,I am also concerned about the respondent''s reaction to the CAFCASS officer and her apparent removal of Jake from nursery and home without telling the CAFCASS officer of her intentions.,d,0,0,0,1
32,"If any person by himself or by any person in his employ obstructs, molests, or hinders- ( a ) an officer or any person employed in relation to inland revenue in the execution of his duty, or of any of the powers or authorities by law given to the officer or person; or ( b ) any person acting in the aid of an officer or any person so employed; he shall for every such offence incur a fine of one hundred pounds 4 . 12.-Unlawful assumption of character of officer.",d,0,0,0,1
33,"For full details of the 2006 election and information about standing as a sabbatical officer, visit our section on sabbatical officer elections . Back To Top Changed your name or address?",d,0,0,0,1
34,"(3) The supervising officer shall be - (a) of at least the rank of chief inspector and at least one rank above that of the officer concerned; (b) a member of, or a special constable appointed for the area of, the same force as the officer concerned; and (c) not an interested party.",u,0,0,1,0
35,Most surprising of all is page three which contains technical tips from Niven Bradford - a quality assurance officer with Phoenix Natural Gas.,d,0,0,0,1
36,If you have a genuine difficulty and cannot visit any of these offices then please indicate this to a member of staff and an appointment can be made for an officer to visit you at home and deal with your enquiry.,u,0,0,1,0
37,"Fundamental to the planning is the strategy set down by the event commander, an ACPO officer, designated as ''Gold''.",u,0,0,1,0
38,Thirty six year old Power was identified by several people as the man on the river bank claiming to be a police officer.,u,0,0,1,0
39,""" Then Saahr telephoned through to SS Colonel Burk, the commanding officer of the SS Flak Training Regiment nearby, and warned him that a flood disaster was imminent.",u,0,0,1,0
40,We have already flagged up our interest to the role development officer preparing the Cumbria Rail Development Programme and I am exploring the possibility of European grants involving a possible partnership with a Swedish heritage railway following discussions with their EU liaison officer at the FEDECRAIL conference in Germany at the beginning of April.,d,0,0,0,1
41,"Due to the scale of the incident and the serious nature of the events that occurred on the evening, the investigation was overseen by a senior investigating officer from the force''s major crime team.",u,0,0,1,0
42,"Mike Rockwell, chief technology officer of Avid Technology, told those attending NAB that his company was adopting MXF as the native file format for all its products, which would also use AAF for metadata interchange.",d,0,0,0,1
43,It may also be worth seeking the advice of a loan officer or debt counselor who will advise you on how much you can afford under your current budget.,d,0,0,0,1
44,The newly qualified doctor has to spend a year as a pre-registration house officer and spends most of that time in the acute specialties of medicine and surgery.,d,0,0,0,1
45,"Currently, a wallet, four pounds twenty in change, a ''Prestige'' disposable lighter, a 3-inch lockknife (it''s for fishing officer), a London Underground travelcard, various unidentified small metal things, probably electronic parts, and half a Ryvita that I forgot about.",u,0,0,1,0
46,"A good street officer needs to carry the answer to all of these questions in his head, he will not have time to read them up when crunch time comes.",u,0,0,1,0
47,"As a security officer, your duties will involve screening passengers and staff who work as part of the airport team.",d,0,0,0,1
48,"There may also be cases in which it will be desirable to institute or continue criminal proceedings solely against third parties for frauds against the company, partnership or bankrupt (e.g. money stolen by an employee). 15.88 Reports to court Where a conviction is obtained, either in respect of Insolvency Act offences or any other offences which are closely related to the insolvency proceedings and/or have contributed to the insolvency, or have a bearing on a company officer''s or the bankrupt''s conduct, the official receiver should submit a report to the court under section 132(1) or 289(1).",d,0,0,0,1
49,"While two police officers were acquitted of the manslaughter of Abuzarifa, the case against a third officer, is still ongoing.",u,0,0,1,0
50,""" A short sequence illustrates the start of the atomic wars - a close shot of the hands of some unseen high-ranking miltary officer opens two the protective shutters below a warning sign and presses in sequence the switches beneath, followed by stock footage of the Bikini Atoll H-Bomb tests (which will have been farly ""new"" at the time) - as the Voice continues: ""Atomic war; famine; revolution; the collapse of a civilisation.",u,0,0,1,0
51,""" So that Mr Mansfield was both directly questioning the evidence of this officer in connection with his contact with Mr Brooks, and he was using the officer as a vehicle by which he introduced the suggestion that the investigating team, and in particular the senior officers, were favouring David Norris. 22.5 This allegation was made on the basis that there might have been a number of motives for such favouritism.",u,0,0,1,0
52,"We will send you a copy of the information and give you a further 28 days to find a solution with your neighbours If you still cannot find a solution, we will make a site visit and may then seek further information from either party or from a professional such as a landscape or tree officer of the Council.",d,0,0,0,1
53,As your Youth officer I am often asked questions about Risk Assessment.,d,0,0,0,1
54,The development officer In Essex there has been two ways of employing this officer.,u,0,0,1,0
55,"Also at this time, the merchants using Piel Harbour petitioned the King complaining that they had to ride ""across 2 dangerous sands"" in order to fetch the Customs House officer from Lancaster.",u,0,0,1,0
56,"If a person cannot read of refuses to read or sign, the senior officer present shall read it over to him and ask him whether it is correct, para 11.10 . That senior officer would then sign the record himself.",m,0,1,0,0
57,"Such authority may be general or confined to specific instances SECTION 3: Cheques, Drafts, & etc. All cheques, drafts, or other orders for the payment of money, notes or other evidences of indebtedness issued in the name of the Association shall be signed by such officer or officers agent or agents of the Association and in such manner as shall from time to time be determined by resolution of the General Committee.",d,0,0,0,1
58,"Mrs Wingfield works with her husband on Voice of Freedom although she was previously a housing officer in Wigton and Aspatria, a school secretary in Thursby and has trained as a probation officer.",f,1,0,0,0
59,"These boys would, no doubt, form good material should an officer who is interested care to take them up and instruct them in other subjects.",u,0,0,1,0
60,One journey was followed from Romania by Animals'' Angels and The Donkey Sanctuary''s Welfare officer (Devon).,d,0,0,0,1
61,Executive officer of iaa more damaging to advisorssome camp directors i manager to.,d,0,0,0,1
62,"The detailed voting analysis from the returning officer show that the BNP polled 204 votes in the Bury St Edmunds constituency and 126 in the West Suffolk constituency, out of a total vote for the party across the East of England Euro constituency of 9,353.",d,0,0,0,1
63,"And thus was lost to the Service a gallant and rising young officer ***** ROBERT NISBET LOWIS Haileybury 1849 - 1851 Joint Magistrate of Farruckabad, close to the Cantonment of Futtehgurh.",m,0,1,0,0
64,[ F011 Any officer acting by virtue of a Minute made by the Minister of a department under Article 4(2)(b) of the Departments (Northern Ireland) Order 1999] . Legal authorities The Lord Chancellor.,u,0,0,1,0
65,Community police officer Chris Buggins also worked closely with the young people and Action in Rural Sussex throughout the project.,u,0,0,1,0
66,"The primary role of FIR is to: Provide officer safety by the permanent monitoring of the radio Respond promptly and efficiently to emergency calls from the public, police and other agencies.",u,0,0,1,0
67,"If agreement cannot be obtained and the official receiver is concerned at the storage charges being incurred, he/she should apply to court for directions [ note 34 ] . The costs of the execution, whether arranged by the official receiver, or the officer charged with the execution, are a first charge on the proceeds of sale [ note 35 ] . 9.83 Officer charged with the execution to hold sale proceeds for 14 days If the judgment debt is greater than £500 in a company case or £1000 in a bankruptcy case, the officer charged with the execution must hold the sale proceeds for 14 days from the date of the sale [ note 36 ] . If the judgment debt is less than the prescribed amount, but the addition of the legal expenses (e.g. officer charged",u,0,0,1,0
68,"Although on hand to offer support when needed is the local netball development officer, who having competed for Wales at the Commonwealths, is well placed to provide ad hoc coaching classes.",d,0,0,0,1
69,Marcus Longley (1971 to 78) is an administrative officer in the National Health Service.,d,0,0,0,1
70,Leave cell immediately Tell detainee you have a civic responsibility to pass on information and you do not have a right of privilege Tell your co-visitor that he/she should not get involved in the discussion Police actions Question 2: The detainee you are seeing makes allegations against a particular officer?,u,0,0,1,0
71,"(5) Nothing in any order made under this section shall– (a) preclude an enforcement officer from taking immediate enforcement action against any person, or from requiring any person to take immediate remedial action, in any case where it appears to the officer to be necessary to take such action or impose such a requirement; or (b) require such an officer to disclose any information the disclosure of which would be contrary to the public interest.",u,0,0,1,0
72,"Senior events officer Bill Farquhar said: ""We are encouraging people not to hold their own bonfire or firework party, but to attend the Beach display.",d,0,0,0,1
73,"To the left of the hall is the Refectory (20) and to the right is the Concourse Café (also 20) - students and visitors can find meals, snacks and fast food here, as well as the Police Liaison officer and a variety of conference venues.",u,0,0,1,0
74,"Allister is a retired police officer, having served in both the Metropolitan Police in London and Suffolk Constabulary before being appointed Suffolk YOT Manager in 1999.",m,0,1,0,0
75,"Those who participated in the online evaluation included academic staff, a librarian, a web developer, a learning support officer and audio visual staff.",d,0,0,0,1
76,A court welfare officer is usually a specially trained probation officer.,u,0,0,1,0
77,"Before the end of the call, a crime number is given, an officer is allocated to the job and the data inputted can be viewed by the officers and staff who help senior teams decide when and where to target resources.",u,0,0,1,0
78,Only a sworn peace officer could stop someone in those circumstances.,u,0,0,1,0
79,He served for 30 years and was commissioned as an officer from the ranks.,m,0,1,0,0
80,"Some years afterward a West Point officer had a special font of antique type made for it, and printed a hundred copies.",u,0,0,1,0
81,"Alarmingly for those who believe in the impartiality of Scottish justice, a former officer agrees.",u,0,0,1,0
82,"(2) A duly authorised officer of the Department of Economic Development may, at all reasonable hours and on production, if required, of his credentials, exercise the following powers, that is to say-- (a) he may, for the purpose of ascertaining whether any offence under Article 3 has been committed, enter and search any premises which he reasonably believes may be used for or in connection with the carrying on of a business which is concerned with the granting of awards which are not recognised awards; (b) he may, for that purpose",d,0,0,0,1
83,"This advice applies to any medical practitioner, whatever their usual specialty, who act as a medical officer at a sporting event and regardless of whether or not they are remunerated.",d,0,0,0,1
84,"the Bureau of Record and Enquiry and registered. 1943 - I .J.A. call for all effects to be listed and sent to them for possible transmission to the Red Cross Society, Japan, for sending to next of kin. 1943 - After many attempts the I.J.A. finally accept parcels as outlined in A/126/8420 of 21.2.44. 1944 - Effects listed under British number B 1 to B 482, checked by an officer of H.Q.M.C. to conform to the detail as ordered by the I.J.A. Not all effects were sent, the officer of H.Q.M.C. deciding which were to be kept (valuables, etc. ).",u,0,0,1,0
85,"Charity cleared of illegal abortion referral - 21 Sep 05 A charity found to be referring women abroad to obtain late abortions has not broken the law, but has highlighted the need for better procedures concerning abortions over 24 weeks, a report by the chief medical officer has ruled.",d,0,0,0,1
86,"After their design was approved, the issue of fire proofing arose, and they had to research an appropriate retardant with which the works could be treated, before they were accepted by the fire officer.",d,0,0,0,1
87,"Private Readitt, on his own initiative, after his officer had been killed, organised and carried out several more advances.",u,0,0,1,0
88,"Meral has had a long career as a local government officer, and then in the NHS, where she was chief officer of Haringey Community Health Council for 7 years.",d,0,0,0,1
89,"So long, officer.",u,0,0,1,0
90,"Pay at age 16 was £6-6-6 rising to £14-14-6 at age 25 for a Clerical Assistant, for a Clerical officer it rises to £1457 per annum eventually.",d,0,0,0,1
91,"Mr Glendinning, of Yeovil in Somerset, was arrested and accused of obstructing a police officer in the execution of his duty.",m,0,1,0,0
92,The most recent Parade Ground sculpture ''When its windy this sculpture will fall over'' will surely delight the health and safety officer.,d,0,0,0,1
93,"The system, described in Race and the Criminal Justice System 1997 published by the Home Office, requires a police officer to make his or her own judgement about the ethnic origins of the person.",u,0,0,1,0
94,"You tell me that the officer, still in your employ, now denies telling me this.",u,0,0,1,0
95,"I had not been in the house more than five minutes when the officer came to the door and drew my attention to the light being out.– Constable JOULE said he watched the vehicle for ten minutes, and there was no light.– Fined 9s 6d.",u,0,0,1,0
96,"Hon William Sebright Lascelles of Harewood House July 1837 Joseph Holdsworth of Belle Vue House July 1841, unseated on petition 1842, as he was at the time of the election returning officer of the Borough and his opponent Hon William Sebright Lascelles of Harewood House was elected as Member George Sanders of Alverthorpe Hall July 1847, re-elected July 1852 John Charlesworth Dodgson Charlesworth of Chapelthorpe Hall March 1857 William Henry Leatham of Hemsworth Hall April 1859 unseated on petition July 21st 1859 - the writ was suspended Sir J C D Hay of Glenluce , February 1862 Edward Green of Heath Old Hall February 1874 unseated on petition April 24 and a new writ issued Thomas Kemp Sanderson of South Parade May 1874 Robert Brownas Mackie of St John''s House April",d,0,0,0,1
97,"Where a patient has breached the attendance requirement, the responsible medical officer may, with the consent of a mental health officer, make arrangements for that patient to be admitted to hospital or to be taken to the place the patient is required to attend by the attendance requirement.",d,0,0,0,1
98,"(8) In a case which concerns the conduct of a senior officer, neither - (a) the chief officer concerned; nor (b) in a case where the person who is the subject of the investigation is a senior officer in a force other than the metropolitan police force, a member of the same force as that person; nor (c) in case where the person who is the subject of the investigation is a senior officer in the metropolitan police force, a person serving in the same division as that person; shall be appointed as the investigating officer for the purposes of paragraph (5) or (6).",u,0,0,1,0
99,""" (2) The following shall be added at the end of Schedule 11 to that Act (detainee custody officers)- ""8 Prison officers and prisoner custody officers A reference in this Schedule to a detainee custody officer includes a reference to a prison officer or prisoner custody officer exercising custodial functions.",u,0,0,1,0
100,"The man who cries out five times a day from a mosque''s tower and tells Muslims when to pray, called a muezzin, holds a unique position in Muslim culture, a senior intelligence officer explained.",u,0,0,1,0
101,"There is also a wide power for any uniformed police officer to stop and direct not to proceed any person whom he reasonably believes to be going to a trespassory assembly covered by a prohibition order, which the police officer reasonably believes is likely to be an assembly which is prohibited by that order (see the Public Order Act 1986, s 14C inserted by the 1994 Act, s 71).",u,0,0,1,0
102,"News received that Warrant officer BAIN reported missing from operations on August 24th/25th, 1944, was in WROUGHTON HOSPITAL.",u,0,0,1,0
103,"At the end all came as presumed, he was thrown out of the Austrian army because his ""private life was not fitting for an Austrian officer"" in 1861 and his father had to calm down his creditors.",m,0,1,0,0
104,"(6) In this section- ""court"" means the court which made the treatment order; and ""relevant disposal"" has the same meaning as in section 52B of this Act. 52Q Review of treatment order (1) The responsible medical officer shall, where that officer is satisfied- (a) that any of the conditions mentioned in section 52D(7) of this Act are no longer met in respect of the person subject to the treatment order; or (b) that there has otherwise been a change of circumstances since the order was made which makes the continued detention of the person in hospital by virtue of the order no longer appropriate, submit a report in writing to the court.",d,0,0,0,1
105,"However, in an interview published in the independent newsheet Mediafax on 13 November, Ngonhamo, who was head of Renamo military intelligence during the war of destabilisation, declared that, ""as a citizen and as a military officer"", he is in favour of conscription.",m,0,1,0,0
106,"Depending on what the officer says, that bar is sometimes lifted.",u,0,0,1,0
107,""" Fortunately for the Hebrew''s peace of mind, an officer accosted them at that moment, and, directing the one to head a band just ready to march, led the other to the force which was to be commanded by the chief in person.",u,0,0,1,0
108,"The inspecting officer should therefore on arrival at the premises request to see a company officer, the bankrupt or other person in charge, as appropriate.",d,0,0,0,1
109,"He married Audrey Elizabeth Moulton, and had one son and two daughters Interests: Rugby, tennis, agriculture Biography Taxing career The son of a naval chief petty officer who died when his son was just nine years old, James Callaghan left school at 14.",m,0,1,0,0
110,"""Police are appealing for information about a crime...please contact your local police officer or alternatively phone Crimestoppers on 0800 555 111.",u,0,0,1,0
111,Do this by telephoning 01427 676 676 and asking for the department or officer you require.,u,0,0,1,0
112,"Andreas Giovanni Newbery Police Constable Cambridgeshire Constabulary Died 5th February 2003, aged 34 The officer was at the rear of his marked police car on the hard shoulder of the A1 motorway near Alconbury, preparing to protect the scene of a vehicle collision, when a passing car spun out of control in the icy road conditions and struck the officer, causing multiple injuries from which he died at the scene.",m,0,1,0,0
113,And what a law-enforcement officer says he heard on a wire-tap or a ''bug'' is not necessarily what the speaker intended to convey in the conversation which was overheard.,m,0,1,0,0
114,"Despite this, they refused to arrest him and when Abby''s friend protested at their lack of action, one officer threatened to take him in instead.",u,0,0,1,0
115,"The Court has explicitly laid down that a director or officer might be liable with the company as joint tortfeasor for acts committed by the company ; · Whether a director or officer was so liable was determined not by the fact of his being a director or officer but by considering whether his acts would have rendered him so liable if he were not a director or officer. · For a director or officer of a company to be personally liable, as joint tortfeasor , for infringements of copyright by the company in circumstances in which he was not himself a person who had committed or participated directly in those acts, it was necessary and sufficient to find that; Ø that the director procured or induced the infringing acts to be done by the company; or Ø that , in some other way, he and the company had joined together in a concerted action to secure that those acts were done.",d,0,0,0,1
116,"Home > Improving Services > Special reports -- Parliamentary > SERPS: redress > Annex B Parliamentary Commissioner for Administration State earnings-related pension scheme (SERPS) inheritance provisions: redress for maladministration Annex B - Extracts from published DSS scheme of financial redress for maladministration (as revised September 1998) On misdirection: ""Documentary or incontrovertible proof of misdirection is not an essential requirement for the authorisation of a payment: the fact that documents may have been destroyed in the normal course of events, or that an officer cannot remember the case, would not in itself justify a refusal to make a special payment.",d,0,0,0,1
117,"On Arrival at or after Arrest at the Police Station As soon as is practicable after your arrival at the police station or answering to bail, or after arrest at the police station, the custody officer must determine whether there is sufficient evidence to charge you with the offence for which the arrest was made.",u,0,0,1,0
118,Q What excites you most about your new post as development officer for Donegal?,d,0,0,0,1
119,"""W e should not be expected to put up with any attack so being able to speak to an officer quickly is welcome.",u,0,0,1,0
120,"If it is determined that the act was performed whilst in the exercise of his/her functions and that the officer is under French jurisdiction, the custody officer must immediately inform the officer of his or her determination and arrange for the officer to be transferred to France within the permitted period (1993 Order Schedule 3 paragraph 5(8)).",u,0,0,1,0
121,"Constable Rodney Leake, who worked in the Traffic Department, was the last Essex Police officer to die on duty.",m,0,1,0,0
122,"The second half of the morning will be devoted to comparative waste strategies in which Andrew Witty, principal policy officer of the Scottish Environment Protection Agency (SEPA) will tell the conference audience about the national waste strategy for Scotland and the role EfW needs to play.",d,0,0,0,1
123,Eventually we launched and the Race officer had lots of problems.,d,0,0,0,1
124,His former positions include Herchel Smith Senior Research Fellow in Intellectual Property at CCLS and officer of the Australian Commonwealth Attorney-General''s Department.,d,0,0,0,1
125,"At 04:29 hrs, DO Mick Osborne, the officer leading Essex crews, reported ""steady progress being made"".",m,0,1,0,0
126,"As soon as reasonably practical after any disinterment, the officer of the burial authority will complete the statutory records to state: the date of disinterment the number of the grave the name of the person whose remains are disinterred where the remains have be re-interred or cremated Costs The cost of an exhumation can be substantial so the financial implications should be clearly established at the outset.",d,0,0,0,1
127,This is a Lister that Kochanski could really love - not just enjoy and then discard for a catering officer.,d,0,0,0,1
128,Chairman of the Ghana Trust and retired chief cocoa purchasing officer in the area.,d,0,0,0,1
129,"On the first of Aug. 1798 at the Battle of the Nile he served in the same ship and under the immediate eye and command of the great and gallant Nelson and from his conduct as an officer on the memorable occasion as well as in other times and days of trial, he gained the approbation and friendship and patronage of the immortal hero.",m,0,1,0,0
130,"You can see the progression officer at community organisations around Bethnal Green including Oxford House, Bethnal Green One Stop Shop and Boundary Community School.",d,0,0,0,1
131,"In the vast majority of cases, it is possible for an experienced hearing officer to come to a preliminary view on this question without such evidence, and this is what we propose to do.",d,0,0,0,1
132,In her letter to firm X officer D said that Mrs P should not receive any remuneration from either charity while CC were considering the question of remuneration.,d,0,0,0,1
133,"General Catroux , Grand Chancellor of the Legion and also the first officer senior to General de Gaulle to rally to his appeal from London in June, 1940, placed this round the new President''s neck in the great reception hall of the Elysée Palace at to-day''s ceremony.",m,0,1,0,0
134,Full length portrait of an unidentified officer.,u,0,0,1,0
135,For details of such courses contact the head teacher of your child''s school or the local road safety officer.,d,0,0,0,1
136,One is that Jaye Roycraft has experience as a female police officer as there is considerable technical detail concerning the police procedures.,f,1,0,0,0
137,"Date of Next Meeting Sunday 14 May, 7pm Action Points Gemma Ask the GU president for an electronic version of the GU proposals Organise the College Council elections by talking to JCSU and the Senior Treasurer about the returning officer.",d,0,0,0,1
138,"Tristan has kept his labour party membership out of any contentious decisions he has had to make, and I trust Kieran will do the same. posted Monday 13 February 2006 @ 10:29 by DG The low turn out typically has very little to do with the snr reps and comms officer and everything to do with the candidates.",d,0,0,0,1
139,"He went on to become a divisional commander, a position he held until his appointment in 1998 as a staff officer with Her Majesty''s Inspectorate of Constabulary.",m,0,1,0,0
140,"Recommendation 31: That the Executive Council should establish a structural profile and positions description of the whole Council, incorporating both officer positions and ordinary members, and outline the expertise required on Council for ICOM to be both well governed and able to take a leadership position on museums and cultural heritage issues, and to ensure that ICOM''s policies, programs, and strategic development proposals are implemented.",d,0,0,0,1
141,"Left to right: Shropshire''s Chief Fire officer Alan Taylor, Telford Leading Firefighter Drew Perkins, good neighbour Shyam Vadukul, father Girish and mother Ansuya with Fire Authority chairman Dave Morgan Everyone needs good neighbours and the Morris family from Telford certainly appreciate theirs.",d,0,0,0,1
142,(2) The officer incharge of any office or department shall afford all facilities and provide record for audit inspection and comply with requests for information in as complete a form as possible and with all reasonable expedition.,d,0,0,0,1
143,"The decision about whether a patient is well enough to proceed with the complaint should be made by a multi-disciplinary team, and the complaints officer should refer regularly to this team to establish when this point has been reached.",d,0,0,0,1
144,"I told him I had a wounded officer, wounded in the good cause, who was now able to make a change; and I proposed that his friends should take you for a lodger.",u,0,0,1,0
145,"The final presentation of the morning was a double act by two members of UKOLN: John Kirriemuir, the web editor of Ariadne (acting in his capacity as information officer for ROADS), and Brian Kelly (UK Web Focus Officer).",d,0,0,0,1
146,(2) The LSE or director will request clearance for the APU or GPU start from the air officer in PriFly through the flight deck officer.,u,0,0,1,0
147,"However, he relinquishes his position of chief operating officer to the non-board executive Jim Padilla who was previously executive vice president and president for The Americas.",d,0,0,0,1
148,"The sessions attended by your reporter included a step by step guide to the Instructors Award and Bronze Level Coaching Award, clarification of national vocational qualifications and a lesson from Alan Meegan, the national development officer, on how to tap into money from a variety of grant-awarding bodies.",d,0,0,0,1
149,For a time we had the senior officer stationed in the castle.,u,0,0,1,0
150,"Our transport officer, Ferraby, brother to the two at the Newlands links, has been wounded, not seriously, by a stray.",d,0,0,0,1
151,"Requests for information and documents outside of that legislation should be referred to the Force Solicitor. 14 POLICE OFFICERS AND SUPPORT STAFF REQUIRED TO GIVE EVIDENCE AT COURT FOR THE DEFENCE OR IN CIVIL PROCEEDINGS 14.1 A police officer or member of support staff who receives a Witness Summons or other notification requiring their attendance as a witness in Court should notify their Supervisor that such notice has been received. 14.2 If a specific court action is underway and a member of staff is likely to be called to give evidence then there is an exemption to the Data Protection Act under Section 35 which entitles them to give that evidence, notwithstanding that it is in breach of the data protection registration. 14.3 If the officer or member of staff has reason to believe that the",u,0,0,1,0
152,""" This letter purported to confirm that the appellant had had a TUPE transfer from Smartex to the respondent with effect from 12 December 2003 and that the transfer was to the position of finance and administrative officer, her normal place of work being the Accord Office; but the letter also said that her period of continuous service for statutory employment rights ran only from the date of the commencement of her employment with the respondent.",d,0,0,0,1
153,"However, such a situation might nevertheless provoke a breach of the peace (i.e. the owner might get physical) and if a police officer were to be present he might well be justified in arresting both the photographer and/or the house-owner/occupier for conduct likely to cause a breach of the peace - each to be taken before a magistrates court to be bound over to keep the peace.",m,0,1,0,0
154,If that time limit has passed but the return is under enquiry this matter should be brought to the attention of the officer conducting the enquiry.,u,0,0,1,0
155,"He has worked for the Civil Service and has served several Local Authorities, as an auditor, accountant and finance officer.",d,0,0,0,1
156,"The cottage is the post-war replacement for the building which originally stood there, and it was in that original building that Bruce Bairnsfather, a young officer serving in the 1st Battalion Royal Warwickshire Regiment, drew the first cartoons in a series which would make him famous as the creator of the immortal ""Old Bill"" character.",m,0,1,0,0
157,Trevor Wilkinson was a senior police officer for all that time also.,m,0,1,0,0
158,However we in Northern Ireland will no longer accept a second rate officer for this post.,u,0,0,1,0
159,"Perhaps a member or officer of that organisation, reading this article, would like to explain this obvious policy conflict for the benefit of our readers?",d,0,0,0,1
160,"police training; as evidenced by the HMIC Report, ""Winning the Race"" and the Police Training Council Report, and the clear evidence in Part 1 of this Inquiry which demonstrated that not a single officer questioned before us in 1998 had received any training of significance in racism awareness and race relations throughout the course of his or her career. 6.46 In reaching our conclusions we do not accept the contention of the Commissioner of the Metropolitan Police Service that, ""....... if this Inquiry labels my Service as institutionally racist the average police officer, the average member of the public will assume the normal meaning of those words.",u,0,0,1,0
161,"the first, he may even be the best, but donâ€TMt talk to Keith Floyd about â€ ̃celebrity chefsâ€TM. â€œI totally disapprove of celebrity chefs,â€? says the globetrotting master of the kitchen, who is bringing his theatre tour â€ ̃Floyd Uncorkedâ€TM to Newburyâ€TMs Corn Exchange on Wednesday, November 2. â€œAnd I totally disapprove of what they call â€ ̃gastro pubs,â€TM â€? adds the former journalist, army officer, dishwasher and barman who has made 19 TV series in which he has taken his culinary skills around the world, often taking local specialties into the homes and restaurants where they were first created. â€œI donâ€TMt invent dishes,â€? he says modestly, â€œI interpret them and hopefully add a little bit here and there.â€?",d,0,0,0,1
162,"(2) An officer of a credit union shall give security in accordance with paragraph (1) either-- (a) by becoming bound either with or without a surety as the board of directors may require, in a bond in such form as the board of directors may approve; or (b) by giving the security of a guarantee society; or (c) by giving such other security as the board of directors may direct.",d,0,0,0,1
163,""" 5 6 Uncertainty surrounding the future contribution of overseas doctors, who currently make up a sizeable proportion of the senior house officer workforce, also affects planning for service provision in hospitals and at what point they enter training grades.",d,0,0,0,1
164,The appeal judge found that the interpretation of bad faith had been correctly applied by the hearing officer.,d,0,0,0,1
165,"If the system would have been working correctly, a two-minute warning would have occurred before the door unlocked and the officer on duty would either give the go-ahead or discontinue the command.",u,0,0,1,0
166,"Tomb of an officer of Henry V . Near the pulpit is the tomb of an officer of Henry the Fifth''s army, a sharer, probably, in the glory of the battle of Agincourt.",u,0,0,1,0
167,"The Oxford project is based at the Oxford Uehiro Centre for Practical Ethics and the Principal Investigator is Professor Julian Savulescu, Uehiro Chair in Practical Ethics and Director of the Uehiro Centre . Dr Anders Sandberg is the lead research officer on the project, and Dr Bostrom is a named researcher.",d,0,0,0,1
168,"The Designated Deputy and/or an officer who heads the planning policy function and/or an officer who leads the development control function and/or an officer who heads the implementation function for the whole of the authority''s area and who report directly to a person named in (i) above; or iii) The officer who heads a Strategic Planning Unit, an Advisory or Support Team to a Regional Planning Body, a National Park or other organisation associated with planning in Local Government and of comparable standing to a person eligible for membership named in (i) or (ii) above; or",d,0,0,0,1
169,"Or the same as last year, when a light and variable breeze made it difficult for the race officer to lay a true starting line, giving an advantage to those boats that spotted the error?",d,0,0,0,1
170,The concept of the ''compliance officer'' in the U.,d,0,0,0,1
171,"Having refused to pay the $1 million ransom, the officer negotiated the asking price down to $250,000.",u,0,0,1,0
172,"""I suppose it is just possible that unorthodox punishment might have been meted out to him I will bear the story in mind when I speak to my Langi historian friend at Oxford"", writes the Uganda desk officer on Jan. 5.",u,0,0,1,0
173,"In this first action the Bays had lost one officer killed, two officers wounded and one captured, one troop sergeant major and three other ranks killed, and two wounded, with six missing.",u,0,0,1,0
174,"maintaining order or public security or of carrying into effect any regulation, order, rule, by-law, direction or notice made or issued under this Act, and no suit, prosecution or other legal proceeding shall lie in any court against any other person for or on account of or in respect of any act done or purporting to have been done by him under any regulation, order, rule, by-law, direction, notice or instruction of any public officer given for any such purpose as aforesaid: Provided that the act of such officer or person was done in good faith and in a reasonable belief that it was necessary for the purpose intended to be served thereby. 6.",u,0,0,1,0
175,"Charlotte Muskett, communications officer at Everyman, said: ""We started to think about ways of engaging young men, and we know that humour appeals to this kind of audience.",d,0,0,0,1
176,"The previous housing officer was in the process of arranging for tenants to be found alternative accommodation in the area, and by all accounts tenants were pleased with his work and the fact he was a local lad.",d,0,0,0,1
177,"For regulation 14 there shall be substituted the following regulation - "" 14 - (1) The appropriate authority or the appropriate officer, as the case may be, shall ensure that, as soon as practicable, the officer concerned is given written notice of the decision to refer the case to a hearing and supplied with copies of - (a) the certificate issued under regulation 11(6)(b)(i); (b) any statement he may have made to the investigating officer; and (c) any relevant statement, document or other material obtained during the course of the investigation.",d,0,0,0,1
178,"Sun: Open source is about self-interest Sun''s chief open source officer has told a conference to forget volunteerism and ideals, and think more like Warren Buffett Microsoft site to enable code sharing CodePlex will provide programmers with access to the source code of Microsoft''s products OpenLogic aims to keep open source honest Is the market for open source services beginning to take off?",d,0,0,0,1
179,"Each morning, PC Emma Shaw, a plain-clothes police officer based in Burnley, checks the computer to catch up on what''s happened the night before.",f,1,0,0,0
180,Contact your local police wildlife liaison officer through any police headquarters.,u,0,0,1,0
181,"Background Following a successful career as a social worker, manager, training officer and lecturer, Neil was appointed Professor of Applied Social Studies at Staffordshire University in December 1995.",d,0,0,0,1
182,"Jamie Nicol, Graduate Diploma in Counselling, Certificate in Counselling Jamie worked with adults with learning disabilities and challenging behaviour before employment as a residential officer for the probation service in bail and probation hostels throughout Staffordshire.",d,0,0,0,1
183,Targets for sickness levels are not currently being achieved and hours lost through police officer sickness has increased compared to the previous year.,u,0,0,1,0
184,"(Only while eating breakfast, honest!) So thanks to Scribbling Woman , I''ve found out via this quiz that my ideal historical job would be to be a Viking warrior . The other suggested alternatives included an ""arming squire with its potential to become a knight"", ""topman"" (sic), ""powder monkey"", ""Riding officer"", ""Petardier''s assistant"" or ""Guillemot-egg collector"".",u,0,0,1,0
185,A police officer is shot by one of the terrorists and Janet is shot in retaliation - she tells Ros to make a run for it.,u,0,0,1,0
186,""" Gerhard leaped to his feet as his superior officer walked into his office.",u,0,0,1,0
187,"I had no difficulty in finding the address that was a large country mansion, but the guard told me the officer was not there but at the site ""Down the road"".",u,0,0,1,0
188,During the war of 1866 he was employed as a general staff officer at Knin in Dalmatia and received a commendation from his commanding general Feldmarschall-Leutnant Philippovic.,m,0,1,0,0
189,Officer for years and wherever possible.,u,0,0,1,0
190,"Deborah Goodchild, equality, diversity and ethnicity officer said: ""We are delighted to be commended for the work we have carried out and welcome the national census.",d,0,0,0,1
191,"(That form was not related to Mrs K''s application, but the AP mistakenly thought that it was -- see entry for 6 February 1995.) 5/12/94 The CSAC wrote to the AP at address C saying that he was in arrears with his CSM payments. 7/12/94 Mrs K wrote to the Member complaining about the delay in resolving her CSM. 8/12/94 An enforcement officer at the CSAC spoke to Mrs K, who could not confirm whether the AP was employed or self-employed.",d,0,0,0,1
192,Operating officer of financing sources take mortgage taxes and free wyoming home owner insurance quote such exclusions are.,d,0,0,0,1
193,"I may have misunderstood exactly how much paperwork must be dug through before leaving daylight but the Union''s safety officer appears to require trip details (surveys, route descriptions) and details of who''s on the trip some time before setting off.",d,0,0,0,1
194,President OR Option B (exec): To amend the JHJCR constitution & election regulations to make the officer a member of the executive: a.,d,0,0,0,1
195,"The student will be entitled to attend the meeting and to be accompanied by a fellow student, a Students Union officer or a member of staff.",d,0,0,0,1
196,"Administration Admissions officer, examinations officer and deputy chair of the dept. ethics committee.",d,0,0,0,1
197,"As a serving officer in the armed forces, Lord Mounbatten progressed through the Order of the Bath.",m,0,1,0,0
198,"Contact the relevant lead officer in the School Improvement Division, Kingston Centre, Fairway, Stafford ST16 3TW ( tel: 01785 277900).",d,0,0,0,1
199,"Was it, as folk-lore tells, removed by an Army officer to build a summer house?",u,0,0,1,0
200,Monica Ward is a planning officer with South Lanarkshire Council.,d,0,0,0,1
201,"September (afternoon) , please contact the information officer or Jean Heap on 0161-427-0068 for further details.",d,0,0,0,1
202,"Under that section, relief was only available in respect of contributions paid by ""any officer or employee under a relevant statutory scheme"".",d,0,0,0,1
203,"He was replaced by a security officer, working for London Underground, who would not allow contractors on site without paying a minimum of £250.",d,0,0,0,1
204,"Familiarisation Courses: Bedfordshire Police hold a number of five-day ''Awareness'' Seminars and five-day ''Familiarisation'' Courses, designed to provide an insight into Bedfordshire Police, the work of a police officer and all elements of the recruitment and selection process, through practical exercises.",u,0,0,1,0
205,"In advance of this hearing, he''d been examined by the school medical officer and was certified as a mental defective.",d,0,0,0,1
206,"Failing officer training he is sent to a holding camp presided over by Terry-Thomas, with his perpetual cry of ""You''re a shower, an absolute shower"".",m,0,1,0,0
207,"While many took issue with the basic premise that an overriding 3D Web will be in place within 10 years, it was clear that most in attendance relished mixing it up as part of an august group that included Microsoft''s Robert Scoble, former Sony Online Entertainment chief creative officer Raph Koster, PARC researcher Bob Moore, online game pioneer Randy Farmer, There.com founder and currently IMVU chief executive Will Harvey, and CNET Networks editor at large Esther Dyson.",d,0,0,0,1
208,"They have a personal officer assigned to them whose role is to act as an adviser with whom they have frequent, purposeful contact and with whom they can establish good relationships.",u,0,0,1,0
209,They have been encouraged to form a management committee which overseas the site and is advised on a day to day basis through a field officer who is resident in the area and who is responsible for crop and environmental recording.,d,0,0,0,1
210,""" Anyone who wants specific advice on preventing these sorts of crime should contact 01782 202555 and ask for the crime reduction officer for their area.",u,0,0,1,0
211,"I nevertheless welcome the efforts that were made to resolve the matter once Mrs B had set a date for her return visit to Pakistan, and in particular the priority which the new passport officer at the High Commission then afforded to dealing with her application on 3 June 1998 ( paragraph 5.10 ). 5.24.",d,0,0,0,1
212,He served with the Prague based rifle battalion as the commander of it''s 2nd company until his reassignment to the general staff and a posting as a general staff officer to the headquarters of the 2nd army corps at Vienna as an Hauptmann 1.,m,0,1,0,0
213,The EAT held A police officer can pursue a sex discrimination claim against another individual officer.,u,0,0,1,0
214,"Having battled for years to join the regiment in which his late brother served, he has departed with an ""exemplary"" record and the best wishes of his commanding officer.",m,0,1,0,0
215,"bye-law currently in force. 6.3 Misconduct, neglect and incompetence 6.3.1 Any APT officer may be subject to disciplinary action if they: 6.3.1.1 deliberately or accidentally fail to carry out their duties in an appropriate manner and in accordance with the provisions of their job descriptions or the Constitution; 6.3.1.2 deliberately or accidentally act in excess of the powers and authorities delegated to that officer; 6.3.1.3 deliberately refuse to carry out legitimate instructions issued through the appropriate APT channels; 6.3.1.4 fail repeatedly to attend sufficient of the required meetings necessary for proper execution of their officer role; 6.3.1.5 carry out their duties in a manner involving partiality or favouritism. 6.3.2 If any member of the Committee is found guilty of a serious breach of conduct, they shall be disbarred from standing for office for a period determined by the disciplinary decision. 6.4 Exceptions to misconduct No APT officer may be charged with misconduct for refusing to execute instructions which are contrary to, or fall outside of, the provisions of the officer''s job description or Constitution, which are illegal, or which are manifestly impossible or contrary to their health",d,0,0,0,1
216,A group of offenders supervised by a London Probation supervisor and a police officer work in a designated area.,u,0,0,1,0
217,"That said, the gunman himself was shot dead by a police officer in a bid to stop the carnage, meaning we may never know the real motive.",u,0,0,1,0
218,Is there a minimum height to be a police officer or special constable?,u,0,0,1,0
219,"Jamming lidar is not illegal under FCC rules or UK rules since they don''t regulate this part of the spectrum, but most jurisdictions have a law which makes it illegal to ""interfere with the duties of a police officer.",u,0,0,1,0
220,"""There were three reasons,"" he says, enumerating them in the manner of an army officer at a debriefing.",m,0,1,0,0
221,You will have to contact the issuing officer with this information as soon as possible.,u,0,0,1,0
222,(4) For the purposes of this Act no person shall be deemed to have served in the permanent civil service unless he holds his appointment directly from the Crown or has been admitted into the civil service with a certificate from the Civil Service Commissioners for Northern Ireland or as a specially appointed officer.,d,0,0,0,1
223,"Very quickly we find out that he''s not officer material, & is sent back to the ranks.",m,0,1,0,0
224,Officer for years of mostly tri hearing tudor may.,u,0,0,1,0
225,"If you do have an urgent enquiry out of normal hours, you should contact the hospital switchboard on +44(0)1908 660033 who will contact the duty press officer.",d,0,0,0,1
226,Monument police officer for several years.,u,0,0,1,0
227,"Sub officer Geoff Chapman from Bromborough fire station said: ""A teenage boy found the man because he was screaming.",m,0,1,0,0
228,Democratic lawmakers are stepping up demands for an independent investigation into the still un-resolved leak to media last year of the name of a CIA officer.,u,0,0,1,0
229,"""Our assessment officer will need another week to write his report and then submit it to his line manager.",d,0,0,0,1
230,"If you are not happy and wish for the complaint to be re-investigate at a more senior level, let us know - you do not have to send your complaint details to us again, and the officer who responded to you will be able to tell you who the contact is.",u,0,0,1,0
231,"No offences are committed where: the interview takes place after the person has entered the United Kingdom (in-country applications), and within the period of three days beginning with the date of the interview the person provides to an immigration officer or to the Secretary of State a document of the kind referred to in that subsection.",d,0,0,0,1
232,"A former officer of the KGB is unlikely to have the right traits to make a democratic leader of a peaceful Russia, and Mr. Putin''s comments make it crystal clear that we should be on our guard.",u,0,0,1,0
233,"Her served as an officer in the Swedish Army (1816-26) before moving to England to seek sponsorship for a new type of heat engine he had invented, which used the expansion of superheated air as the driving force.",m,0,1,0,0
234,An officer leaned out and made his hand into the shape of a gun.,m,0,1,0,0
235,"(There are an estimated 40,000 Lemba in all of southern Africa who claim their origins from an ancient Jewish tribe in Sana''a, Yemen.) David Saks, research officer at the Jewish Board of Deputies, adjusted the white Jewish population total of the Census upward, based on several factors.",d,0,0,0,1
236,"The role of the case officer is to: consider the comments received from any other relevant departments within the Authority or outside agencies consider the comments received from neighbours, the public and the Parish Council visit the site and assess the proposal in context The officer will also consider whether or not the application is acceptable in terms of: Local Plan policies Structure Plan policies Development Control criteria Previous site history Development Control criteria may involve any of the following depending on the form of development and its complexity: the design and layout of the proposal highway considerations provision of car parking",d,0,0,0,1
237,"(2) A person authorised under section 128A(1) above is entitled to require any officer or member of the Housing Executive or any person involved in the administration of housing benefit for the Executive-- (a) to give him such information and explanation relating to the administration of housing benefit as he thinks necessary; and (b) if he thinks it necessary, to require any such person to attend before him in person to give the information or explanation.",d,0,0,0,1
238,God is great.once upon a time radio officer treated like a God because what radio officer knows no body on board understand now situation is opposite.wishing Good Luck to all radio officer . Dharmveer kumar (India) 6/4/2006 Anto Meledeth I found the information very interesting.,d,0,0,0,1
239,Nanjing University requests that all incoming applicants ensure that initial contact with the University is made to their possible host supervisor and then to the GEP officer with a letter of invitation from the host supervisor.,d,0,0,0,1
240,The employment of an environmental education officer will also aim to improve the visitors experience at the Park.,d,0,0,0,1
241,"Box 1 UK cable: the numbers* 2.7m VoD-ready set-top boxes 2.6m broadband connections 30% triple-play penetration, ''growing fast'' Owns its circuits, no dependence on BT lines ''Next-generation'' services on offer, including HDTV *Figures assume Telewest/NTL consolidation happens Source: Telewest/NTL Box 2 NTL''s senior line-up Stephen Burch - Chief executive officer Neil Burkett - Chief operating officer Jacques Kerrest - Chief finance officer Keith Montserrat - Communications & policy Brian Hall - General counsel Lisa Opie - Managing director, Flextech James Mooney - Chairman Simon Duffy - Executive vice-chairman Cob Stenham - Deputy chairman Box 3 NTL vs Telewest ARPU (Average revenue per unit) [NTL] £39.08 [Telewest] £45.16 Revenue generating unit per customer [NTL] 1.96 [Telewest] 2.14 Broadband lower tier [NTL] 71% [Telewest] 49% Digital penetration [NTL",d,0,0,0,1
242,""" For further information or for bids for an interview with a Fraud Squad officer, contact Julian Goodchild, Media Liaison Officer tel 020 7601 2220.",u,0,0,1,0
243,"The first dynasty of rulers of modern Afghanistan. shinwaris A tribe of south-east Afghanistan. sirdar A leader, commander, officer, chief or lord.",u,0,0,1,0
244,It should be remembered that the persons sexuality may not be known to anyone else other that the reporting officer. 4.,u,0,0,1,0
245,"Marine Colonel Christopher Bourne is not only a distinguished Gunsite graduate, but also a combat officer of broad experience in the sand box.",m,0,1,0,0
246,As one woman officer put it: ''Nobody ever asks us for our side of the story''.,f,1,0,0,0
247,"Whilst a new officer may quickly familiarise themselves with Student Council and their job description, it can be difficult to know where to start on other work.",d,0,0,0,1
248,"An Officer-elect, is an officer who has been elected but does take office until their term starts on July 1 st . NUS Website: http://www.nusonline.co.uk No2NUS Website: http://www.no2nus.co.uk/ and at Imperial College http://union.ic.ac.uk/no2nus/ Imperial College, London, recently held a referendum: 72% voted in favour of remaining outside of the NUS.",d,0,0,0,1
249,The form of contract used by the LDDC was the Property Services Agency''s GC Works 1 amended to include a clause on unforeseeable ground conditions with Sir Alexander Gibb & Partners as superintending officer.,d,0,0,0,1
250,"It was during her time as a member of NARPO that she met George Finch, a former Dudley Borough Police officer and they married in 1958.",m,0,1,0,0
251,The twist being that he never murdered the girl and was killed by a serving police officer who was investigating the case.,u,0,0,1,0
252,""" Reuel Marc Gerecht, a former C.I.A. case officer who served in the Middle East, added, ""Two facts stand out about Allawi.",m,0,1,0,0
253,"Galtieri, the grandson of poor Italian immigrants, had graduated as an officer in 1949 from the ''United States'' School of the Americas'' in Panama.",m,0,1,0,0
254,"Contact your local CITB careers officer, who will be happy to help and point you in the right direction.",d,0,0,0,1
255,"That is simply not how things are done, and that is why I think it was wrong of the Today programme this morning to suggest that somehow the commanding officer was indicating that his forces were not ready.",m,0,1,0,0
256,""" ""The officer I dealt with was the nicest most helpful man I have come across.",m,0,1,0,0
257,TTP: The battle captain would collate the information provided by the staff and the brigades (through direct communications and the brigade liaison officer (LO)) in the following manner: ( Priority Information Requirements ) TTP: The TFE staff weighted the brigades with divisional assets to ensure adequate combat power was available to support the units on the ground.,u,0,0,1,0
258,"No trademark, logo, graphic, image or sound from this site may be copied or retransmitted without express written permission from an authorised officer of AWM in each instance.",d,0,0,0,1
259,"The responsible officer need not necessarily have managerial responsibility for the facility although this is often the case, particularly in smaller organisations.",d,0,0,0,1
260,"The standardization officer is the key advisor to the commander on matters pertaining to aircraft standardization, use, and training.",d,0,0,0,1
261,"(4) Where the appropriate authority, on receipt of a report submitted by the investigating officer under regulation 10(2), is of the opinion that the case is one in respect of which the conditions specified in Part 1 of Schedule 2 are likely to be satisfied, it shall take the steps set out in paragraph (6).",u,0,0,1,0
262,"If an officer leaves and re-joins, a second warrant number is allocated.",u,0,0,1,0
263,He was taken to a tree and was able to find several bullets which later were discovered to match those removed from the murdered officer.,u,0,0,1,0
264,In fact it was our very own lovable Luke ''Disco Einie'' Smith- Deputy RAG officer extrordinaire and all round stupid fool.,m,0,1,0,0
265,"(2) Every officer of the transferor or of any committee thereof whose duty it is to make up any accounts of or to account for any portion of the receipts or payments of the transferor and also every member of the transferor or of any such committee shall, until the audit of the accounts of such receipts and payments up to the date of transfer is complete, be deemed for the purposes of such audit to continue in office and be bound to perform the same duties and render the same account and be subject to the same liabilities as if",d,0,0,0,1
266,"The police officer told the court: ""We''ve collected all the evidence we can and submitted reports to the Crown Prosecution Service.",u,0,0,1,0
267,""" The officer asked placing his hand on the butt of his gun.",m,0,1,0,0
268,"As national development officer, I had the privilege of visiting more than 100 primaries across Scotland.",d,0,0,0,1
269,If your bike has been stolen from campus report it to the on-campus police officer.,u,0,0,1,0
270,Each letter had a picture of the legal officer at the top so the individual knew whom it was from and that it related to the court proceedings.,d,0,0,0,1
271,"If you, or a colleague you know, are in need of help, please contact your branch welfare officer in the first instance.",d,0,0,0,1
272,"""MCF10DCIS.com is one of a set of panel of MCF10 cell lines that were derived from normal mammary cells from a single patient that became spontaneously immortalized,"" says Asterand''s Chief Scientific officer Dr. James Eliason.",d,0,0,0,1
273,"""These effects cannot be mitigated for and in effect will ensure a downgrading of the overall natural quality of this area,"" says senior conservation officer Dr Simone Bullion.",d,0,0,0,1
274,BOND''s learning and development officer can also offer support and training.,d,0,0,0,1
275,But this case has taken on political overtones because the officer involved is the wife of a former American Ambassador who has been critical of the administration''s case for war in Iraq.,f,1,0,0,0
276,Officer Members The Fire Brigades Union campaign is centred around the value placed on the work that is done by our members.,d,0,0,0,1
277,"Career: 1994-present: chief executive, ECT group; 1987-94: director, Ealing Community Transport; 1980-87: transport officer, Ealing Voluntary Services Council; 1978-80: national officer, Student Community Action Resource Programme; 1978: executive officer, Property Services Agency Public life: 2005-present: board member, Social Enterprise London; 1999-2004: cabinet member, transport and planning, Ealing council; 1994-99: chair, environment committee, Ealing council; 1986-90: Labour member, Ealing council; 1994-2001: board member, National Council for Voluntary Organisations Awards: Social Entrepreneur of the Year 2004 Interests: Hill walking, DIY, history",d,0,0,0,1
278,"Each ''Kumi'' consisted of one officer, one medical orderly and one hundred and fifty other ranks.",u,0,0,1,0
279,Mr Nandha: And this particular officer had trouble when he went to officer safety training.,m,0,1,0,0
280,"Back to top C.607/01 Benefits Agency: failure to follow correct procedures after identifying a claimant as potentially violent Following an incident, during which an interviewing officer felt threatened by Mr F, the officer completed a form PV1.",u,0,0,1,0
281,Call yours and ask to speak to the officer dealing with home energy use.,d,0,0,0,1
282,A finance officer would normally require relevant qualifications and experience.,d,0,0,0,1
283,"All Police Forces in England and Wales are expected to comply with this Standard by April 2006. • Each year the Force handles nearly three quarters of a million incidents, over 475, 000 are attended by a police officer. • NSIR is intended to introduce greater consistency into the way in which forces record incidents.",u,0,0,1,0
284,A Parenting Contract will consist of two elements: A statement by the parents or guardians that they agree to comply for a specified period with the requirements of the contract - these are likely to include requirement to attend a counselling or guidance programme A statement from the YOT officer ageeing to provide support to the parents or guardians for the purpose of complying with the contract.,d,0,0,0,1
285,"On the 23rd Aug. 1914 Lt. Dease, who was machine gun officer, was in command of the section placed to protect the crossing of a bridge at Nimy, north of Mons.",u,0,0,1,0
286,"Moreover, suppose an SS officer, Franz, tortures someone to death.",m,0,1,0,0
287,"If the police officer finds that you do have drugs, you could be charged with one of two offences: being charged with possession means that you have been caught with an illegal drug which police believe is for your personal use.",u,0,0,1,0
288,"Of the 385, which were determined by the planning system, 83% (320) were approved, 57 were refused and 8 more were refused by Committee contrary to planning officer recommendations.",d,0,0,0,1
289,"I also remember one SS officer who often took two Gypsy children out of the camp with him, because they were very talented and could dance well.",m,0,1,0,0
290,"A forensic scientist is normally consulted by either a police officer or a solicitor, but only very rarely directly by a barrister.",u,0,0,1,0
291,"Many experiments remain secret, but an 18-page report prepared in 1945--and kept by a senior Japanese military officer until now--includes a summary of the unit''s research.",u,0,0,1,0
292,"A five pound dumb bell was found in each of his pockets, and the Glasgow Evening News remarked that ''as a naval officer he was presumably able to swim, but made no effort to save himself''.",m,0,1,0,0
293,"It was written by a former US army officer, Ralph Peters, in the blog Real Clear Politics.",m,0,1,0,0
294,"RUBI - Seminario ""Bibliotecas Universitárias em Consórcio"" <URL: http://rubi.ua.pt/actividades/seminario/default.htm > RUBI <URL: http://rubi.ua.pt/ > The Consortium of University Research Libraries <URL: http://www.curl.ac.uk/ > Edinburgh Engineering Virtual Library (EEVL) and the UK experience in Subject-Based Gateways <URL: http://www.eevl.ac.uk/portugal/index.htm > Edinburgh Engineering Virtual Library (EEVL) <URL: http://www.eevl.ac.uk/ > CHEST <URL: http://www.chest.ac.uk/ > Consorci de Biblioteques Universitàries de Catalunya <URL: http://www.cbuc.es/ > Author Details Agnès Guyon , EEVL Database Officer Heriot-Watt University Library Edinburgh EH14 4AS Email: A.Guyon@hw.ac.uk Agnès Guyon is database officer for EEVL.",d,0,0,0,1
295,Chairman and chief executive officer Thomas Waltermire said: ''Today''s announcement is based on the (evaluation) team''s first recommendations.,d,0,0,0,1
296,"As a young Royal Engineer officer in Malaya and Thailand, our sappers once wished to make a chair as a gift for an officer.",u,0,0,1,0
297,A police officer must be able to protect himself from being attacked - so unarmed combat is an essential part of his training.,u,0,0,1,0
298,This was then followed up by sending the principal an information sheet summarising the aims of the project and listing the various concerns which the research officer hoped to address during the interview (see Appendix A).,d,0,0,0,1
299,""" A full background briefing on the case is available from INQUEST and on our website www.inquest.org.uk -- INQUEST - United Campaigns for Justice www.inquest.org.uk Policeman destroyed notes relating to restraint death Family of man who died in custody barred from disciplinary hearing Special report: deaths in custody, Vikram Dodd,Monday July 23 2001,The Electronic Guardian A police officer involved in the restraint of a black man who later died will today admit at a disciplinary hearing that he destroyed pages from his notebook.",m,0,1,0,0
300,"(Although there are some very brief marginal notes to her submission, apparently made by officer D, there is no record of any other response.) Back to top 1993 26/02/93 Officer A told CATS that refunds of NICs paid on or after 6 April 1975 could be made on application by HO sponsored students. 11/08/93 CA''s refunds group wrote to C1 drawing attention to instructions issued in 1971 which suggested that there should be nothing to prevent NICs paid before 6 April 1975 from being refunded. 16/08/93 Officer A asked SOL for further advice accordingly. 07/09",d,0,0,0,1
301,"She said: ""As safety is paramount at easyJet, standard procedures were followed and the first officer checked in mechanisms manually in the cabin.",d,0,0,0,1
302,"The revolution opened the army to promotion on the basis of talent - in the old regime, you became an officer through noble birth, patronage or by bribing officials.",u,0,0,1,0
303,"MSc Forestry, Belgium Waste minimisation officer, Aberdeen Council Energy audit for manufacturing company Scottish Waste Awareness Group, the campaign officer in Fife Mott Macdonald Engineering, Leeds Lothian and Edinburgh Env Partnership, Senior Project Officer Hydrometry, Env Agency, Exeter SNH Orkney Ward Stewardship Officer, Newcastle City Council PhD Hydrologist, SEPA, Edinburgh Recycling Officer, Essex Co Council Waste Advisory Group in Glasgow. 2000 Graduates GIS work for UN project in Norway Continuing on course Technical Services Adviser for UK Atomic Energy Authority Earthship Development Officer for Scotland Temp.",d,0,0,0,1
304,ROAD Policing Unit officer PC Brian Sharman hopes to be the one caught speeding this summer when he teams up with deafblind daredevil Graham Hicks.,m,0,1,0,0
305,1st August 2006 our new address will be: Mid Beds District Council Priory House Monks Walk Chicksands Beds SG17 5TQ General Enquiries: 08452 30 40 40 General Fax: 01767 220166 Click here for Opening Hours for Biggleswade and Ampthill PoPs | General Enquiries by e-mail General enquiries e-mail (for all services) click here to fill in our online form . Your e-mail will be passed on to the relevant service for response Out of Hours Emergencies When the offices are closed and you urgently need help (Emergencies ONLY) you can contact the duty officer on Freephone 0800 212462 or mobile 07850 032360.,d,0,0,0,1
306,"It''s visiting time at HMP Shotts and just after two o''clock a prison officer steps through a steel security doorway and beckons the 50 or so women and children in, to spend an hour or so with the men who once figured larger in their lives.",d,0,0,0,1
307,Michael asked whether progress had been made on a cycling leaflet and the involvement of the council cycling officer.,d,0,0,0,1
308,I know officers within Waltham Forest who will come and talk to me and tell me something and they have the honesty or belief from me that the officer would not know where it is coming from.,u,0,0,1,0
309,"An officer of the Education and Library Board, or an officer of CCMS, may also attend, at the invitation of the Board of Governors.",d,0,0,0,1
310,"If you have a general enquiry or service request and are unsure who in the Council this should be directed to, please use this form and your request will be directed to the correct officer.",d,0,0,0,1
311,This should be a head of team from one of the relevant teams or an officer from one of the relevant teams but may be passed on to any member of the advisory committee. 13.4 The quorum of the meeting will be four. 13.5 Meetings of the advisory committee will be called by the chair. 13.6 Meeting procedure will be at the discretion of the chair. 13.7 The committee shall report to the station Meeting and seek its approval before any of its proposals are acted upon.,d,0,0,0,1
312,"Monologue from the duty officer of Executions Regional accent If you take a look outside the city you''ll find a hill, looking like a skull.",u,0,0,1,0
313,The presiding officer is answerable only to the Appointing Authority who appointed him.,d,0,0,0,1
314,""" Stuart Todd, city council planning officer, said, ""I think the idea is that we''ll be able to see the building from quite some distance.",d,0,0,0,1
315,"Supporting the work of the Arts Development Planning Forum, a joint collaboration between officer and members responsible for arts matters, the four unitary authorities have commissioned Public Art Consultant, Alastair Snow to conduct research into public art in partnership with Public Art South West.",d,0,0,0,1
316,These are two typical stories the Arthritis Research Campaign''s information officer hears time and time again.,d,0,0,0,1
317,"DI Gould is a very highly motivated, professional officer who was totally focused on the objective of apprehending and convicting the offenders in this case.",u,0,0,1,0
318,"""Effective roads policing is essential to reducing road casualties but is not given sufficient governmental priority, as this report shows,"" explained Jonathan Gaventa , PACTS policy and campaigns officer.",d,0,0,0,1
319,Private prosecutions are very difficult and there is no right of appeal against the decision of an enforcement officer not to prosecute.,u,0,0,1,0
320,The power of the individual customs officer should never be underestimated.,d,0,0,0,1
321,They normally have a witness liaison officer who helps through the traumatic process.,u,0,0,1,0
322,"David ~ Serge Lazareff Georgie ~ Tracey Mann Sandra ~ Candy Raymond Dr Patton ~ Warwick Randall Jeannie Baxter ~ Leila Hayes Mike the Bike ~ John Geros UNCREDITED CES Officer ~ Tim Robertson OTHER CHARACTERS Gary (Sandra''s colleague) The commissionaire outside the bar where Margo and Wayne celebrate looks like Patrick Aimer . Written by Dave Worthington Directed by Marcus Cole There are two things wrong with the scene where Jim searches Evelyn''s cell: the cell is locked, so how did Bea manage to plant the stuff, and shouldn''t there have been another officer present for a cell search?",d,0,0,0,1
323,An environmental health officer or technical officer may visit the place where the noise is coming from.,d,0,0,0,1
324,"Two observers reported to me today that they had identified at different times two Me 110''s, two FW 190''s and a third FW 190 immediately on being sighted, which was the direct cause of the first four aircraft being shot down and possibly the fifth . . . I asked one American officer his opinion of our observers and he replied that they had prevented the gun crews from shooting down two of their own Thunderbolts, which speaks for itself. ."" The ROC efforts during the invasion proved so effective that the AEAF made recommendations for all ships in the invasion fleet to have aircraft identifiers.",m,0,1,0,0
325,"Registration code: 4129262 Dan Goodman : 11 Jun 2006 23:16 | Tags: Poker | Comments (0) | Close comments | Report a problem Please wait - comments are loading June 05, 2006 Police shootings Writing about web page http://www.guardian.co.uk/menezes/story/0,,1790028,00.html The Observer is reporting that The Crown Prosecution Service is considering legal charges against Britain''s most senior police officer over the fatal shooting of Brazilian Jean Charles de Menezes, mistakenly taken to be a terrorist.",u,0,0,1,0
326,"He served as resident medical officer in the infirmary, and obtained, in 1822, through the interest of the Hastings family (who were his father''s friends and patrons), the much-coveted appointment of surgeon in the East India Company''s service.",d,0,0,0,1
327,"Once issued with a PND, can the officer ask me to attend a police station?",u,0,0,1,0
328,The importance of having an officer dedicated to this role cannot be overstated as without the initial input or timely assistance many groups would not be available within the Town.,u,0,0,1,0
329,Teresa Wild was the inspection officer and second officer on inspection on the 23rd May 1996.,d,0,0,0,1
330,"Such is the level of suspicion surrounding the final days at Imagine that Merseyside Fraud Squad is monitoring the situation, although a police officer emphasised that no formal investigation into the company or its directors has yet begun.",u,0,0,1,0
331,"Where a judgment creditor pays the rent himself/herself, and execution is later avoided by bankruptcy, the officer charged with the execution must deduct the amount paid and hand it to the judgment creditor before accounting to the trustee (Re Craig, ex parte Hinchcliffe [1916] 2 KB 497).",d,0,0,0,1
332,"If your faculty rep is unavailable, or you are still unhappy, then contact a branch case work officer and briefly explain the problem.",d,0,0,0,1
333,"(4) In this section- ""court"" means the court which made the treatment order; and ""responsible medical officer"" means the person''s responsible medical officer appointed under section 230 of the Mental Health (Care and Treatment) (Scotland) Act 2003 (asp 13). 52R Termination of treatment order (1) This section applies- (a) where, in the case of a person who, when the treatment order is made, has not been removed to the hospital specified in the order, the period of 7 days beginning with the day on which the order is made has not expired; or (b) in the case",d,0,0,0,1
334,Program offered by a corrections officer pan-asian restaurant specializing four years ago.,d,0,0,0,1
335,"workshops, seminars, conferences, grants, education, software development etc for the UK General Practice (Family Medicine) community, http://www.mailbase.ac.uk/lists/gp-uk/ British Medical Internet Association Working Groups; Web Reviews section, http://www.bmia.org/document_park/wg_reviews.htm BMIA-REC-Quality Standards for Medical Publishing on the Web- 7/12/96, http://www.bmia.org/document_park/standards.htm British Medical Internet Association Web Site, http://www.bmia.org/ Schedule for the European Congress of the Internet in Medicine Conference, http://www.mednet.org.uk/mednet/mednet96.htm#topics World Congress of the Internet in Medicine Web Site, http://www.mednet.org.uk/mednet/mednet.htm Society for the Internet in Medicine Web Site, http://www.mednet.org.uk/mednet/ Author Details Sue Welsh Project officer, OMNI eLib project.",d,0,0,0,1
336,"Each member of the cabinet would be responsible for a portfolio, such as education or housing. * A directly-elected mayor and council manager Under this model a mayor is directly elected by the people to serve a four-year term and a paid officer is appointed by the whole body of separately elected councillors to run the council.",d,0,0,0,1
337,"The chemical officer– Advises the commander on defensive nuclear, biological, chemical (NBC) operations.",u,0,0,1,0
338,"Commented chief executive officer Frank Ursell: ""I think the Secretary of State now realises the seriousness of the situation.",d,0,0,0,1
339,"Elfneh Bariso is a research officer with Healthy Islington, Camden Healthy Cities and Camden & Islington HA More from issue 30 Story search Tip: use fewer, more specific words for a better search.",d,0,0,0,1
340,CIPFA qualified he is now the principal officer advisor to the Pension Fund though his involvement and relationship has existed since Local Government Reorganisation.,d,0,0,0,1
341,"Grapeshot Close range artillery ammunition Guerilla ''little war'', also a term for partisan fighters Half Pay An officer holding a commision, but unemployed, received half pay.",u,0,0,1,0
342,The next witness was John Dunne who was the lead Registration and inspection officer for Throstle Nest from April 1991 until May 1996.,d,0,0,0,1
343,Lead officer: P Woodward Identified barrier: not all Council reception points are accessible to disabled members of the public.,d,0,0,0,1
344,Did Mr Noon or his friend really expect that Cardinal Murphy O'' Connor would be delighted to discover that his press officer was following this lifestyle?,d,0,0,0,1
345,"Selection procedures for police officer recruits, promotion and specialisms will involve a test of the candidates awareness of race issues.",u,0,0,1,0
346,Leamington officer David Wright pulled the dog to safety seconds before he was swept over a weir where he would have drowned.,u,0,0,1,0
347,"In most large businesses, it will be appropriate for a member of the legal department to be the disclosure officer.",d,0,0,0,1
348,"PICTURE 28: FEISAL AND T.E. LAWRENCE - The British liaison officer was a former archeologist, T.E. Lawrence.",d,0,0,0,1
349,My officers also interviewed the head of prudential supervision (officer J).,d,0,0,0,1
350,"While time-consuming work - Swansea, for instance, appointed a copyright officer to focus on this aspect of the project - locating copyright holders had benefits for the project rather than just being a necessary burden.",d,0,0,0,1
351,Jackie Brewis : East Riding of Yorkshire Council Youth Service officer.,d,0,0,0,1
352,"It is to John Alderson''s great credit that, both as a practicing senior police officer and as a ''police academic'', he has always counselled against the narrower focus and encouraged us to ask the more fundamental questions about policing.",m,0,1,0,0
353,"Lord Castlereagh , who was then secretary of state for war and the colonies, had been president of the board of control, and Wellesley made it his first business to explain and justify his brother''s Indian policy to him and to Pitt . The latter was struck with his reticence about his own actions, and a few days before his death he told Lord Wellesley: ''I never met any military officer with whom it was so satisfactory to converse.",m,0,1,0,0
354,An additional thirty-two civilian care officer posts have been created and will be placed at Hay pay band D although the cost is still being assessed exactly but is estimated to be in the region of £622K.,d,0,0,0,1
355,It takes years to train a US military officer.,u,0,0,1,0
356,"The officer in charge was watch manager Burrage from Northwich Fire Station, B Watch.",d,0,0,0,1
357,"An officer must comply with several guidelines prior to and during a stop and search, the officer must tell the person the grounds for the search the officer must inform them of the object of search (to find drugs, offensive weapon etc) the officer must show the person their warrant card if in plain clothes or requested; the officer must tell the person their identity; the officer must also tell the person to which station they are attached, the officer must tell the person that they are being detained for the purpose of the search All stops and searches must be carried out with courtesy, consideration and respect for the",u,0,0,1,0
358,"Contacts Our departmental website address is http://www.keele.ac.uk/depts/hi/hihome.htm . Dr Alannah Tomkins is our admissions officer,",d,0,0,0,1
359,"Says Nicola Hodgson, our case officer: ''For some time, we had pressed Shropshire County Council to take enforcement action against the unlawful fencing.",m,0,1,0,0
360,Immigration Department There is a team of four immigration officers and 1 chief immigration officer at Haslar who act as liaison between the detainees and the offices dealing with their cases.,d,0,0,0,1
361,Present 18 members attended plus the police below Police Representatives PC Andy Holland and Jim Hill (Community beat officer) In the chair Cllr.,m,0,1,0,0
362,"So it is important for the branch to involve your lesbian and gay, black members'', or equal opportunities officer.",d,0,0,0,1
363,"Written by Rudolph Erich Raspe and published in 1785, it was based on the inflated exploits of a real German cavalry officer.",u,0,0,1,0
364,More guidance on the need for planning permission can be found on the following link: www.planningportal.gov.uk In all circumstances you are advised to contact a planning officer ( contact planning ) in order to obtain pre application advice.,d,0,0,0,1
365,"The SHIP officer group will meet monthly in the first instance, but this may be bi-monthly depending on the presenting agenda.",d,0,0,0,1
366,"Yet the Bluebook officer replied, ""I am sure that if the sighting was reported to the Air Force it is on record, but I am not aware of this particular one, sir.",u,0,0,1,0
367,Advice on submitting a planning application can be obtained directly from a planning officer.,d,0,0,0,1
368,"Simon is an experienced officer who has worked with a number of police departments including the response team, the tactical team, who performed plain clothes operations, and the community policing team.",m,0,1,0,0
369,"Synopsis : ""Dangerous Davies"", so-named because he is not, is the last officer anyone would send on a major crime-solving mission.",m,0,1,0,0
370,For a bank''s customer service officer to successfully include insurance within the bank''s product portfolio would mean moving from a reactive way of thinking to positively exploring the customer''s financial needs.,d,0,0,0,1
371,"Compare what happened in 1976 with what would probably happen in 2006. 1976: Report theft to local police officer in Brampton. 2006: more difficult to do today unless I catch the civilian clerk, otherwise itâ€TMs ring Penrith police. 1976: Three days later am working in the garden and a small girl about 10 years old comes up the drive and speaks to me. â€œPlease, mister, I know who has got your rope ladder.â€? 2006: This would not be possible because children are instructed not to speak to strangers. 1976: I get out my car and take the girl to show",u,0,0,1,0
372,"They stated that after the 1st of January they should shoot every officer captured, and put the privates at work on fortifications, with ball and chain, in retaliation for the emancipation proclamation of the President.",u,0,0,1,0
373,"Mr Ronald Boyd, Castlebay & Northbay, Barra - Mr Boyd, a retired Merchant Navy officer, only took over this agency in August 2000.",m,0,1,0,0
374,A senior officer refers to policy guidance and specific criteria in making these decisions.,u,0,0,1,0
375,"He said that there have been many complaints and added: ""Our members in Dalbeattie had a meeting with the council officer responsible for this.",d,0,0,0,1
376,"(9) To the extent that an alleged offence turns on a difference of date, time or route, it is a defence for the accused to prove that the difference arose from circumstances beyond his control or from something done with the agreement of a police officer or by his discretion.",u,0,0,1,0
